This is LuaHBTeX, Version 1.24.0 (MiKTeX 26.2) (format=lualatex 2026.4.1)  8 APR 2026 14:22
 restricted system commands enabled.
 file:line:error style messages enabled.
**c:/Users/admin/Desktop/Clim_Dyn/Climate-Dynamics-Note/light
(c:/Users/admin/Desktop/Clim_Dyn/Climate-Dynamics-Note/light.tex
LaTeX2e <2025-11-01>
L3 programming layer <2026-01-19>
Lua module: luaotfload 2024-12-03 v3.29 Lua based OpenType font support
Lua module: lualibs 2023-07-13 v2.76 ConTeXt Lua standard libraries.
Lua module: lualibs-extended 2023-07-13 v2.76 ConTeXt Lua libraries -- extended 
collection.
luaotfload | conf : Root cache directory is "C:/Users/admin/AppData/Local/MiKTeX
/luatex-cache/generic/names".
luaotfload | init : Loading fontloader "fontloader-2023-12-28.lua" from kpse-res
olved path "C:/Users/admin/AppData/Local/Programs/MiKTeX/tex/luatex/luaotfload/f
ontloader-2023-12-28.lua".
Lua-only attribute luaotfload@noligature = 1
luaotfload | init : Context OpenType loader version 3.134
Inserting `luaotfload.node_processor' in `pre_linebreak_filter'.
Inserting `luaotfload.node_processor' in `hpack_filter'.
Inserting `luaotfload.glyph_stream' in `glyph_stream_provider'.
Inserting `luaotfload.define_font' in `define_font'.
Lua-only attribute luaotfload_color_attribute = 2
luaotfload | conf : Root cache directory is "C:/Users/admin/AppData/Local/MiKTeX
/luatex-cache/generic/names".
Inserting `luaotfload.harf.strip_prefix' in `find_opentype_file'.
Inserting `luaotfload.harf.strip_prefix' in `find_truetype_file'.
Removing  `luaotfload.glyph_stream' from `glyph_stream_provider'.
Inserting `luaotfload.harf.glyphstream' in `glyph_stream_provider'.
Inserting `luaotfload.harf.finalize_vlist' in `post_linebreak_filter'.
Inserting `luaotfload.harf.finalize_hlist' in `hpack_filter'.
Inserting `luaotfload.cleanup_files' in `wrapup_run'.
Inserting `luaotfload.harf.finalize_unicode' in `finish_pdffile'.
Inserting `luaotfload.glyphinfo' in `glyph_info'.
Lua-only attribute luaotfload.letterspace_done = 3
Inserting `luaotfload.aux.set_sscale_dimens' in `luaotfload.patch_font'.
Inserting `luaotfload.aux.set_font_index' in `luaotfload.patch_font'.
Inserting `luaotfload.aux.patch_cambria_domh' in `luaotfload.patch_font'.
Inserting `luaotfload.aux.fixup_fontdata' in `luaotfload.patch_font_unsafe'.
Inserting `luaotfload.aux.set_capheight' in `luaotfload.patch_font'.
Inserting `luaotfload.aux.set_xheight' in `luaotfload.patch_font'.
Inserting `luaotfload.rewrite_fontname' in `luaotfload.patch_font'.
Inserting `tracingstacklevels' in `input_level_string'. (C:/Users/admin/AppData
/Local/Programs/MiKTeX/tex/latex/base/book.cls
Document Class: book 2025/01/22 v1.4n Standard LaTeX document class
(C:/Users/admin/AppData/Local/Programs/MiKTeX/tex/latex/base/bk11.clo
File: bk11.clo 2025/01/22 v1.4n Standard LaTeX file (size option)
luaotfload | db : Font names database loaded from C:/Users/admin/AppData/Local/M
iKTeX/luatex-cache/generic/names/luaotfload-names.luc.gz)
\c@part=\count273
\c@chapter=\count274
\c@section=\count275
\c@subsection=\count276
\c@subsubsection=\count277
\c@paragraph=\count278
\c@subparagraph=\count279
\c@figure=\count280
\c@table=\count281
\abovecaptionskip=\skip49
\belowcaptionskip=\skip50
\bibindent=\dimen147
)
(C:/Users/admin/AppData/Local/Programs/MiKTeX/tex/latex/cjk-ko/kotex.sty
Package: kotex 2015/04/19 v1.6 Korean TeX (ko.TeX)

(C:/Users/admin/AppData/Local/Programs/MiKTeX/tex/latex/kotex-utf/kotex.cfg)
(C:/Users/admin/AppData/Local/Programs/MiKTeX/tex/luatex/luatexko/luatexko.sty
Package: luatexko 2026/02/20 v5.7 typesetting Korean with LuaTeX

(C:/Users/admin/AppData/Local/Programs/MiKTeX/tex/latex/fontspec/fontspec.sty
(C:/Users/admin/AppData/Local/Programs/MiKTeX/tex/latex/l3packages/xparse/xpars
e.sty
(C:/Users/admin/AppData/Local/Programs/MiKTeX/tex/latex/l3kernel/expl3.sty
Package: expl3 2026-01-19 L3 programming layer (loader) 

(C:/Users/admin/AppData/Local/Programs/MiKTeX/tex/latex/l3backend/l3backend-lua
tex.def
File: l3backend-luatex.def 2025-10-09 L3 backend support: PDF output (LuaTeX)
\l__color_backend_stack_int=\count282
Inserting `l3color' in `luaotfload.parse_color'.))
Package: xparse 2025-10-09 L3 Experimental document command parser
)
Package: fontspec 2025/09/29 v2.9g Font selection for XeLaTeX and LuaLaTeX
Lua module: fontspec 2025/09/29 v2.9g Font selection for XeLaTeX and LuaLaTeX
(C:/Users/admin/AppData/Local/Programs/MiKTeX/tex/latex/fontspec/fontspec-luate
x.sty
Package: fontspec-luatex 2025/09/29 v2.9g Font selection for XeLaTeX and LuaLaT
eX
\l__fontspec_script_int=\count283
\l__fontspec_language_int=\count284
\l__fontspec_strnum_int=\count285
\l__fontspec_tmp_int=\count286
\l__fontspec_tmpa_int=\count287
\l__fontspec_tmpb_int=\count288
\l__fontspec_tmpc_int=\count289
\l__fontspec_em_int=\count290
\l__fontspec_emdef_int=\count291
\l__fontspec_strong_int=\count292
\l__fontspec_strongdef_int=\count293
\l__fontspec_tmpa_dim=\dimen148
\l__fontspec_tmpb_dim=\dimen149
\l__fontspec_tmpc_dim=\dimen150
 (C:/Users/admin/AppData/Local/Programs/MiKTeX/tex/latex/base/fontenc.sty
Package: fontenc 2025/07/18 v2.1d Standard LaTeX package
) (C:/Users/admin/AppData/Local/Programs/MiKTeX/tex/latex/fontspec/fontspec.cfg
)))
\koreanlanguage=\language2
\luatexkohangulfontattr=\attribute4
\luatexkohanjafontattr=\attribute5
\luatexkofallbackfontattr=\attribute6
\luatexkoautojosaattr=\attribute7
\luatexkoclassicattr=\attribute8
\luatexkodotemphattr=\attribute9
\luatexkorubyattr=\attribute10
\luatexkohangulbyhangulattr=\attribute11
\luatexkohanjabyhanjaattr=\attribute12
Lua module: luatexko 2026/02/20 v5.7 typesetting Korean with LuaTeX
Lua-only attribute luatexko_inhibitglue_attr = 13
Lua-only attribute luatexko_unicode_attr = 14
Lua-only attribute luatexko_char_head_attr = 15
Inserting `luatexko.hyphenate.fonts_and_languages' in `hyphenate'.
Inserting `luatexko.pre_shaping_filter' in `pre_shaping_filter'.
Lua function luatexko_xxruby_func = 31
Lua function luatexko_inhibitglue_func = 32
\josaignoreparens=\count294
\luatexkodotemphcount=\count295
\luatexkoulinecount=\count296
\luatexkorubycount=\count297

(C:/Users/admin/AppData/Local/Programs/MiKTeX/tex/latex/cjk-ko/kolabels-utf.sty
Package: kolabels-utf 2015/03/20 v1.5 UTF-8 Hangul item labels
)))
luaotfload | cache : Lookup cache loaded from C:/Users/admin/AppData/Local/MiKTe
X/luatex-cache/generic/names/luaotfload-lookup-cache.luc.

Package fontspec Info: 
(fontspec)             Font family 'NotoSerifCJKKR(0)' created for font 'Noto
(fontspec)             Serif CJK KR' with options
(fontspec)             [Ligatures=TeX,BoldFont={Noto Serif CJK
(fontspec)             KR},ItalicFont={Noto Serif CJK KR},BoldItalicFont={Noto
(fontspec)             Serif CJK KR}].
(fontspec)              
(fontspec)              This font family consists of the following NFSS
(fontspec)             series/shapes:
(fontspec)              
(fontspec)             - 'normal' (m/n) with NFSS spec.: <->"name:Noto Serif
(fontspec)             CJK KR:mode=node;script=latn;language=dflt;+tlig;"
(fontspec)             - 'bold' (b/n) with NFSS spec.: <->"name:Noto Serif CJK
(fontspec)             KR:mode=node;script=latn;language=dflt;+tlig;"
(fontspec)             - 'italic' (m/it) with NFSS spec.: <->"name:Noto Serif
(fontspec)             CJK KR:mode=node;script=latn;language=dflt;+tlig;"
(fontspec)             - 'bold italic' (b/it) with NFSS spec.: <->"name:Noto
(fontspec)             Serif CJK
(fontspec)             KR:mode=node;script=latn;language=dflt;+tlig;"

 (./context.tex
(C:/Users/admin/AppData/Local/Programs/MiKTeX/tex/latex/amsmath/amsmath.sty
Package: amsmath 2025/07/09 v2.17z AMS math features
\@mathmargin=\skip51

For additional information on amsmath, use the `?' option.
(C:/Users/admin/AppData/Local/Programs/MiKTeX/tex/latex/amsmath/amstext.sty
Package: amstext 2024/11/17 v2.01 AMS text

(C:/Users/admin/AppData/Local/Programs/MiKTeX/tex/latex/amsmath/amsgen.sty
File: amsgen.sty 1999/11/30 v2.0 generic functions
\@emptytoks=\toks17
\ex@=\dimen151
))
(C:/Users/admin/AppData/Local/Programs/MiKTeX/tex/latex/amsmath/amsbsy.sty
Package: amsbsy 1999/11/29 v1.2d Bold Symbols
\pmbraise@=\dimen152
)
(C:/Users/admin/AppData/Local/Programs/MiKTeX/tex/latex/amsmath/amsopn.sty
Package: amsopn 2022/04/08 v2.04 operator names
)
\inf@bad=\count298
LaTeX Info: Redefining \frac on input line 235.
\uproot@=\count299
\leftroot@=\count300
LaTeX Info: Redefining \overline on input line 398.
LaTeX Info: Redefining \colon on input line 409.
\classnum@=\count301
\DOTSCASE@=\count302
LaTeX Info: Redefining \ldots on input line 495.
LaTeX Info: Redefining \dots on input line 498.
LaTeX Info: Redefining \cdots on input line 619.
\Mathstrutbox@=\box53
\strutbox@=\box54
LaTeX Info: Redefining \big on input line 721.
LaTeX Info: Redefining \Big on input line 722.
LaTeX Info: Redefining \bigg on input line 723.
LaTeX Info: Redefining \Bigg on input line 724.
\big@size=\dimen153
LaTeX Font Info:    Redeclaring font encoding OML on input line 742.
LaTeX Font Info:    Redeclaring font encoding OMS on input line 743.
\macc@depth=\count303
LaTeX Info: Redefining \bmod on input line 904.
LaTeX Info: Redefining \pmod on input line 909.
LaTeX Info: Redefining \smash on input line 939.
LaTeX Info: Redefining \relbar on input line 969.
LaTeX Info: Redefining \Relbar on input line 970.
\c@MaxMatrixCols=\count304
\dotsspace@=\muskip17
\c@parentequation=\count305
\dspbrk@lvl=\count306
\tag@help=\toks18
\row@=\count307
\column@=\count308
\maxfields@=\count309
\andhelp@=\toks19
\eqnshift@=\dimen154
\alignsep@=\dimen155
\tagshift@=\dimen156
\tagwidth@=\dimen157
\totwidth@=\dimen158
\lineht@=\dimen159
\@envbody=\toks20
\multlinegap=\skip52
\multlinetaggap=\skip53
\mathdisplay@stack=\toks21
LaTeX Info: Redefining \[ on input line 2950.
LaTeX Info: Redefining \] on input line 2951.
)
(C:/Users/admin/AppData/Local/Programs/MiKTeX/tex/latex/amsfonts/amssymb.sty
Package: amssymb 2013/01/14 v3.01 AMS font symbols

(C:/Users/admin/AppData/Local/Programs/MiKTeX/tex/latex/amsfonts/amsfonts.sty
Package: amsfonts 2013/01/14 v3.01 Basic AMSFonts support
\symAMSa=\mathgroup4
\symAMSb=\mathgroup5
LaTeX Font Info:    Redeclaring math symbol \hbar on input line 98.
LaTeX Font Info:    Overwriting math alphabet `\mathfrak' in version `bold'
(Font)                  U/euf/m/n --> U/euf/b/n on input line 106.
)) (C:/Users/admin/AppData/Local/Programs/MiKTeX/tex/latex/amscls/amsthm.sty
Package: amsthm 2020/05/29 v2.20.6
\thm@style=\toks22
\thm@bodyfont=\toks23
\thm@headfont=\toks24
\thm@notefont=\toks25
\thm@headpunct=\toks26
\thm@preskip=\skip54
\thm@postskip=\skip55
\thm@headsep=\skip56
\dth@everypar=\toks27
)
(C:/Users/admin/AppData/Local/Programs/MiKTeX/tex/latex/tools/multicol.sty
Package: multicol 2025/10/21 v2.0b multicolumn formatting (FMi)
\c@tracingmulticols=\count310
\mult@box=\box55
\multicol@leftmargin=\dimen160
\c@unbalance=\count311
\c@collectmore=\count312
\doublecol@number=\count313
\multicoltolerance=\count314
\multicolpretolerance=\count315
\full@width=\dimen161
\page@free=\dimen162
\premulticols=\dimen163
\postmulticols=\dimen164
\multicolsep=\skip57
\multicolbaselineskip=\skip58
\partial@page=\box56
\last@line=\box57
\mc@boxedresult=\box58
\maxbalancingoverflow=\dimen165
\mult@rightbox=\box59
\mult@grightbox=\box60
\mult@firstbox=\box61
\mult@gfirstbox=\box62
\@tempa=\box63
\@tempa=\box64
\@tempa=\box65
\@tempa=\box66
\@tempa=\box67
\@tempa=\box68
\@tempa=\box69
\@tempa=\box70
\@tempa=\box71
\@tempa=\box72
\@tempa=\box73
\@tempa=\box74
\@tempa=\box75
\@tempa=\box76
\@tempa=\box77
\@tempa=\box78
\@tempa=\box79
\@tempa=\box80
\@tempa=\box81
\@tempa=\box82
\@tempa=\box83
\@tempa=\box84
\@tempa=\box85
\@tempa=\box86
\@tempa=\box87
\@tempa=\box88
\@tempa=\box89
\@tempa=\box90
\@tempa=\box91
\@tempa=\box92
\@tempa=\box93
\@tempa=\box94
\@tempa=\box95
\@tempa=\box96
\@tempa=\box97
\@tempa=\box98
\c@minrows=\count316
\c@columnbadness=\count317
\c@finalcolumnbadness=\count318
\last@try=\dimen166
\multicolovershoot=\dimen167
\multicolundershoot=\dimen168
\mult@nat@firstbox=\box99
\colbreak@box=\box100
\mc@col@check@num=\count319
\g__mc_curr_col_int=\count320
)
\c@theorem=\count321
\c@example=\count322
\c@question=\count323
\c@condition=\count324
)
(./template/book/main.tex (./template/generic/main.tex
(./template/generic/themes.tex
(C:/Users/admin/AppData/Local/Programs/MiKTeX/tex/latex/xcolor/xcolor.sty
Package: xcolor 2024/09/29 v3.02 LaTeX color extensions (UK)

(C:/Users/admin/AppData/Local/Programs/MiKTeX/tex/latex/graphics-cfg/color.cfg
File: color.cfg 2016/01/02 v1.6 sample color configuration
)
Package xcolor Info: Driver file: luatex.def on input line 274.

(C:/Users/admin/AppData/Local/Programs/MiKTeX/tex/latex/graphics-def/luatex.def
File: luatex.def 2025/09/29 v1.2f Graphics/color driver for luatex
)
(C:/Users/admin/AppData/Local/Programs/MiKTeX/tex/latex/graphics/mathcolor.ltx)
Package xcolor Info: Model `cmy' substituted by `cmy0' on input line 1349.
Package xcolor Info: Model `hsb' substituted by `rgb' on input line 1353.
Package xcolor Info: Model `RGB' extended on input line 1365.
Package xcolor Info: Model `HTML' substituted by `rgb' on input line 1367.
Package xcolor Info: Model `Hsb' substituted by `hsb' on input line 1368.
Package xcolor Info: Model `tHsb' substituted by `hsb' on input line 1369.
Package xcolor Info: Model `HSB' substituted by `hsb' on input line 1370.
Package xcolor Info: Model `Gray' substituted by `gray' on input line 1371.
Package xcolor Info: Model `wave' substituted by `hsb' on input line 1372.
) (C:/Users/admin/AppData/Local/Programs/MiKTeX/tex/latex/colortbl/colortbl.sty
Package: colortbl 2024/10/29 v1.0k Color table columns (DPC)
(C:/Users/admin/AppData/Local/Programs/MiKTeX/tex/latex/tools/array.sty
Package: array 2025/09/25 v2.6n Tabular extension package (FMi)
\col@sep=\dimen169
\ar@mcellbox=\box101
\extrarowheight=\dimen170
\NC@list=\toks28
\extratabsurround=\skip59
\backup@length=\skip60
\ar@cellbox=\box102
)
\everycr=\toks29
\minrowclearance=\skip61
\rownum=\count325
)
(C:/Users/admin/AppData/Local/Programs/MiKTeX/tex/latex/pagecolor/pagecolor.sty
Package: pagecolor 2025-01-28 v1.2d Provides thepagecolor (HMM)
)) (./template/generic/geometry.tex)
(C:/Users/admin/AppData/Local/Programs/MiKTeX/tex/latex/tools/calc.sty
Package: calc 2025/03/01 v4.3b Infix arithmetic (KKT,FJ)
\calc@Acount=\count326
\calc@Bcount=\count327
\calc@Adimen=\dimen171
\calc@Bdimen=\dimen172
\calc@Askip=\skip62
\calc@Bskip=\skip63
LaTeX Info: Redefining \setlength on input line 86.
LaTeX Info: Redefining \addtolength on input line 87.
\calc@Ccount=\count328
\calc@Cskip=\skip64
)
(./template/generic/page.tex) (./template/generic/fonts.tex
(C:/Users/admin/AppData/Local/Programs/MiKTeX/tex/generic/babel/babel.sty
Package: babel 2026/03/24 v26.5 The multilingual framework for LuaLaTeX, pdfLaT
eX and XeLaTeX

(C:/Users/admin/AppData/Local/Programs/MiKTeX/tex/generic/babel/luababel.def
\bbl@readstream=\read2
\l@afrikaans=\language3
Package babel Info: Non-standard hyphenation setup on input line 118.
\l@ancientgreek=\language4
\l@armenian=\language5
\l@assamese=\language6
\l@basque=\language7
\l@belarusian=\language8
\l@bengali=\language9
\l@bokmal=\language10
\l@bulgarian=\language11
\l@catalan=\language12
\l@churchslavonic=\language13
\l@classiclatin=\language14
\l@coptic=\language15
\l@croatian=\language16
\l@czech=\language17
\l@danish=\language18
\l@dutch=\language19
\l@esperanto=\language20
\l@estonian=\language21
\l@ethiopic=\language22
\l@finnish=\language23
\l@french=\language24
\l@friulan=\language25
\l@galician=\language26
\l@georgian=\language27
\l@german=\language28
\l@greek=\language29
\l@gujarati=\language30
\l@hindi=\language31
\l@hungarian=\language32
\l@icelandic=\language33
\l@indonesian=\language34
\l@interlingua=\language35
\l@irish=\language36
\l@italian=\language37
\l@kannada=\language38
\l@kurmanji=\language39
\l@latin=\language40
\l@latvian=\language41
\l@lithuanian=\language42
\l@liturgicallatin=\language43
\l@macedonian=\language44
\l@malayalam=\language45
\l@marathi=\language46
\l@mongolian=\language47
\l@mongolianlmc=\language48
\l@monogreek=\language49
\l@ngerman=\language50
\l@nynorsk=\language51
\l@occitan=\language52
\l@oriya=\language53
\l@pali=\language54
\l@panjabi=\language55
\l@piedmontese=\language56
\l@polish=\language57
\l@portuguese=\language58
\l@romanian=\language59
\l@romansh=\language60
\l@russian=\language61
\l@sanskrit=\language62
\l@serbian=\language63
\l@serbianc=\language64
\l@slovak=\language65
\l@slovenian=\language66
\l@spanish=\language67
\l@swedish=\language68
\l@swissgerman=\language69
\l@tamil=\language70
\l@telugu=\language71
\l@thai=\language72
\l@turkish=\language73
\l@turkmen=\language74
\l@ukenglish=\language75
\l@ukrainian=\language76
\l@uppersorbian=\language77
\l@usenglishmax=\language78
\l@welsh=\language79
\babelcatcodetablenum=\catcodetable14
\bbl@pattcodes=\catcodetable15
)
\babel@savecnt=\count329
LaTeX Encoding Info:    Redeclaring text command \ij (encoding OT1) on input li
ne 2078.
LaTeX Encoding Info:    Redeclaring text command \IJ (encoding OT1) on input li
ne 2080.
LaTeX Encoding Info:    Redeclaring text command \ij (encoding T1) on input lin
e 2082.
LaTeX Encoding Info:    Redeclaring text command \IJ (encoding T1) on input lin
e 2083.
LaTeX Encoding Info:    Ignoring declaration for text command \ij (encoding ?) 
on input line 2084.
LaTeX Encoding Info:    Ignoring declaration for text command \IJ (encoding ?) 
on input line 2086.
LaTeX Encoding Info:    Ignoring declaration for text command \SS (encoding ?) 
on input line 2111.
\U@D=\dimen173
\l@unhyphenated=\language80

(C:/Users/admin/AppData/Local/Programs/MiKTeX/tex/generic/babel/luababel.def
\bbl@attr@locale=\attribute16
)
Package babel Info: Configuration files are deprecated, as
(babel)             they can break document portability.
(babel)             Reported on input line 4206.

*************************************
* Local config file bblopts.cfg used
*
(C:/Users/admin/AppData/Local/Programs/MiKTeX/tex/latex/arabi/bblopts.cfg
File: bblopts.cfg 2005/09/08 v0.1 add Arabic and Farsi to "declared" options of
 babel
)
(C:/Users/admin/AppData/Local/Programs/MiKTeX/tex/generic/babel/locale/en/babel
-english.tex)
Package babel Info: Importing font and identification data for english
(babel)             from babel-en.ini. Reported on input line 4330.

(C:/Users/admin/AppData/Local/Programs/MiKTeX/tex/latex/babel-english/english.l
df
Language: english 2017/06/06 v3.3r English support from the babel system
Package babel Info: Hyphen rules for 'canadian' set to \l@english
(babel)             (\language0). Reported on input line 102.
Package babel Info: Hyphen rules for 'australian' set to \l@ukenglish
(babel)             (\language75). Reported on input line 105.
Package babel Info: Hyphen rules for 'newzealand' set to \l@ukenglish
(babel)             (\language75). Reported on input line 108.
))
(C:/Users/admin/AppData/Local/Programs/MiKTeX/tex/latex/microtype/microtype.sty
Package: microtype 2026/03/01 v3.2d Micro-typographical refinements (RS)
(C:/Users/admin/AppData/Local/Programs/MiKTeX/tex/latex/graphics/keyval.sty
Package: keyval 2022/05/29 v1.15 key=value parser (DPC)
\KV@toks@=\toks30
)
(C:/Users/admin/AppData/Local/Programs/MiKTeX/tex/latex/etoolbox/etoolbox.sty
Package: etoolbox 2025/10/02 v2.5m e-TeX tools for LaTeX (JAW)
\etb@tempcnta=\count330
)
\MT@toks=\toks31
\MT@tempbox=\box103
\MT@count=\count331
LaTeX Info: Redefining \noprotrusionifhmode on input line 1084.
LaTeX Info: Redefining \leftprotrusion on input line 1085.
\MT@prot@toks=\toks32
LaTeX Info: Redefining \rightprotrusion on input line 1104.
LaTeX Info: Redefining \textls on input line 1449.
\MT@outer@kern=\dimen174
LaTeX Info: Redefining \microtypecontext on input line 2053.
LaTeX Info: Redefining \textmicrotypecontext on input line 2070.
\MT@listname@count=\count332

(C:/Users/admin/AppData/Local/Programs/MiKTeX/tex/latex/microtype/microtype-lua
tex.def
File: microtype-luatex.def 2026/03/01 v3.2d Definitions specific to luatex (RS)

Lua module: microtype 2026/03/01 v3.2d microtype module.
Module microtype Info: overwriting function `keepligature' on input line 63
LaTeX Info: Redefining \lsstyle on input line 779.
LaTeX Info: Redefining \lslig on input line 779.
\MT@outer@space=\skip65
)
Package microtype Info: Loading configuration file microtype.cfg.

(C:/Users/admin/AppData/Local/Programs/MiKTeX/tex/latex/microtype/microtype.cfg
File: microtype.cfg 2026/03/01 v3.2d microtype main configuration file (RS)
)
LaTeX Info: Redefining \microtypesetup on input line 3065.
)

Package fontspec Info: 
(fontspec)             Inconsolata-LGC.otf scale = 0.9464019525306435.


Package fontspec Info: 
(fontspec)             Inconsolata-LGC scale = 0.9464019525306435.


Package fontspec Info: 
(fontspec)             Inconsolata-LGC-Bold scale = 0.9464019525306435.


Package fontspec Info: 
(fontspec)             Inconsolata-LGC-Italic scale = 0.9464019525306435.


Package fontspec Info: 
(fontspec)             Inconsolata-LGC-BoldItalic scale = 0.9464019525306435.


Package fontspec Info: 
(fontspec)             Font family 'Inconsolata-LGC(0)' created for font
(fontspec)             'Inconsolata-LGC' with options
(fontspec)             [Path=template/generic/fonts/inconsolata/,Ligatures=TeX,
Scale=MatchUppercase,UprightFont
(fontspec)             = *.otf,BoldFont = *-Bold.otf,ItalicFont =
(fontspec)             *-Italic.otf,BoldItalicFont = *-BoldItalic.otf].
(fontspec)              
(fontspec)              This font family consists of the following NFSS
(fontspec)             series/shapes:
(fontspec)              
(fontspec)             - 'normal' (m/n) with NFSS spec.:
(fontspec)             <->s*[0.9464019525306435]"[template/generic/fonts/incons
olata/Inconsolata-LGC.otf]:mode=node;script=latn;language=dflt;+tlig;"
(fontspec)             - 'bold' (b/n) with NFSS spec.:
(fontspec)             <->s*[0.9464019525306435]"[template/generic/fonts/incons
olata/Inconsolata-LGC-Bold.otf]:mode=node;script=latn;language=dflt;+tlig;"
(fontspec)             - 'italic' (m/it) with NFSS spec.:
(fontspec)             <->s*[0.9464019525306435]"[template/generic/fonts/incons
olata/Inconsolata-LGC-Italic.otf]:mode=node;script=latn;language=dflt;+tlig;"
(fontspec)             - 'bold italic' (b/it) with NFSS spec.:
(fontspec)             <->s*[0.9464019525306435]"[template/generic/fonts/incons
olata/Inconsolata-LGC-BoldItalic.otf]:mode=node;script=latn;language=dflt;+tlig
;"


Package fontspec Info: 
(fontspec)             Noto Sans CJK KR scale = 0.9317853449324735.


Package fontspec Info: 
(fontspec)             Noto Sans CJK KR scale = 0.9317853449324735.


Package fontspec Info: 
(fontspec)             Noto Sans CJK KR/B scale = 0.9317853449324735.


Package fontspec Info: 
(fontspec)             Noto Sans CJK KR/I scale = 0.9317853449324735.


Package fontspec Info: 
(fontspec)             Noto Sans CJK KR/BI scale = 0.9317853449324735.


Package fontspec Info: 
(fontspec)             Font family 'NotoSansCJKKR(0)' created for font 'Noto
(fontspec)             Sans CJK KR' with options [Scale=MatchUppercase].
(fontspec)              
(fontspec)              This font family consists of the following NFSS
(fontspec)             series/shapes:
(fontspec)              
(fontspec)             - 'normal' (m/n) with NFSS spec.:
(fontspec)             <->s*[0.9317853449324735]"name:Noto Sans CJK
(fontspec)             KR:mode=node;script=latn;language=dflt;"
(fontspec)             - 'bold' (b/n) with NFSS spec.:
(fontspec)             <->s*[0.9317853449324735]"name:Noto Sans CJK
(fontspec)             KR/B:mode=node;script=latn;language=dflt;"
(fontspec)             - 'italic' (m/it) with NFSS spec.:
(fontspec)             <->s*[0.9317853449324735]"name:Noto Sans CJK
(fontspec)             KR/I:mode=node;script=latn;language=dflt;"
(fontspec)             - 'bold italic' (b/it) with NFSS spec.:
(fontspec)             <->s*[0.9317853449324735]"name:Noto Sans CJK
(fontspec)             KR/BI:mode=node;script=latn;language=dflt;"

) (./template/generic/titles.tex
(C:/Users/admin/AppData/Local/Programs/MiKTeX/tex/latex/titlesec/titlesec.sty
Package: titlesec 2025/01/04 v2.17 Sectioning titles
\ttl@box=\box104
\beforetitleunit=\skip66
\aftertitleunit=\skip67
\ttl@plus=\dimen175
\ttl@minus=\dimen176
\ttl@toksa=\toks33
\titlewidth=\dimen177
\titlewidthlast=\dimen178
\titlewidthfirst=\dimen179
)) (./template/generic/math.tex)
(C:/Users/admin/AppData/Local/Programs/MiKTeX/tex/latex/mathtools/mathtools.sty
Package: mathtools 2024/10/04 v1.31 mathematical typesetting tools
(C:/Users/admin/AppData/Local/Programs/MiKTeX/tex/latex/mathtools/mhsetup.sty
Package: mhsetup 2021/03/18 v1.4 programming setup (MH)
)
\g_MT_multlinerow_int=\count333
\l_MT_multwidth_dim=\dimen180
\origjot=\skip68
\l_MT_shortvdotswithinadjustabove_dim=\dimen181
\l_MT_shortvdotswithinadjustbelow_dim=\dimen182
\l_MT_above_intertext_sep=\dimen183
\l_MT_below_intertext_sep=\dimen184
\l_MT_above_shortintertext_sep=\dimen185
\l_MT_below_shortintertext_sep=\dimen186
\xmathstrut@box=\box105
\xmathstrut@dim=\dimen187
) (C:/Users/admin/AppData/Local/Programs/MiKTeX/tex/latex/cancel/cancel.sty
Package: cancel 2013/04/12 v2.2 Cancel math terms
)
(./template/generic/links.tex
(C:/Users/admin/AppData/Local/Programs/MiKTeX/tex/latex/hyperref/hyperref.sty
Package: hyperref 2026-01-29 v7.01p Hypertext links for LaTeX

(C:/Users/admin/AppData/Local/Programs/MiKTeX/tex/generic/iftex/iftex.sty
Package: iftex 2024/12/12 v1.0g TeX engine tests
)
(C:/Users/admin/AppData/Local/Programs/MiKTeX/tex/latex/kvsetkeys/kvsetkeys.sty
Package: kvsetkeys 2022-10-05 v1.19 Key value parser (HO)
)
(C:/Users/admin/AppData/Local/Programs/MiKTeX/tex/generic/kvdefinekeys/kvdefine
keys.sty
Package: kvdefinekeys 2019-12-19 v1.6 Define keys (HO)
)
(C:/Users/admin/AppData/Local/Programs/MiKTeX/tex/generic/pdfescape/pdfescape.s
ty
Package: pdfescape 2019/12/09 v1.15 Implements pdfTeX's escape features (HO)

(C:/Users/admin/AppData/Local/Programs/MiKTeX/tex/generic/ltxcmds/ltxcmds.sty
Package: ltxcmds 2023-12-04 v1.26 LaTeX kernel commands for general use (HO)
)
(C:/Users/admin/AppData/Local/Programs/MiKTeX/tex/generic/pdftexcmds/pdftexcmds
.sty
Package: pdftexcmds 2020-06-27 v0.33 Utility functions of pdfTeX for LuaTeX (HO
)

(C:/Users/admin/AppData/Local/Programs/MiKTeX/tex/generic/infwarerr/infwarerr.s
ty
Package: infwarerr 2019/12/03 v1.5 Providing info/warning/error messages (HO)
)
Package pdftexcmds Info: \pdf@primitive is available.
Package pdftexcmds Info: \pdf@ifprimitive is available.
Package pdftexcmds Info: \pdfdraftmode found.
\pdftexcmds@toks=\toks34
))
(C:/Users/admin/AppData/Local/Programs/MiKTeX/tex/latex/hycolor/hycolor.sty
Package: hycolor 2020-01-27 v1.10 Color options for hyperref/bookmark (HO)
)
(C:/Users/admin/AppData/Local/Programs/MiKTeX/tex/latex/hyperref/nameref.sty
Package: nameref 2026-01-29 v2.58 Cross-referencing by name of section

(C:/Users/admin/AppData/Local/Programs/MiKTeX/tex/latex/refcount/refcount.sty
Package: refcount 2019/12/15 v3.6 Data extraction from label references (HO)
)
(C:/Users/admin/AppData/Local/Programs/MiKTeX/tex/generic/gettitlestring/gettit
lestring.sty
Package: gettitlestring 2019/12/15 v1.6 Cleanup title references (HO)

(C:/Users/admin/AppData/Local/Programs/MiKTeX/tex/latex/kvoptions/kvoptions.sty
Package: kvoptions 2022-06-15 v3.15 Key value format for package options (HO)
))
\c@section@level=\count334
)
(C:/Users/admin/AppData/Local/Programs/MiKTeX/tex/generic/stringenc/stringenc.s
ty
Package: stringenc 2019/11/29 v1.12 Convert strings between diff. encodings (HO
)
)
\@linkdim=\dimen188
\Hy@linkcounter=\count335
\Hy@pagecounter=\count336
 (C:/Users/admin/AppData/Local/Programs/MiKTeX/tex/latex/hyperref/pd1enc.def
File: pd1enc.def 2026-01-29 v7.01p Hyperref: PDFDocEncoding definition (HO)
) (C:/Users/admin/AppData/Local/Programs/MiKTeX/tex/generic/intcalc/intcalc.sty
Package: intcalc 2019/12/15 v1.3 Expandable calculations with integers (HO)
)
\Hy@SavedSpaceFactor=\count337
 (C:/Users/admin/AppData/Local/Programs/MiKTeX/tex/latex/hyperref/puenc.def
File: puenc.def 2026-01-29 v7.01p Hyperref: PDF Unicode definition (HO)
)
Package hyperref Info: Option `hyperindex' set `true' on input line 4072.
Package hyperref Info: Option `bookmarks' set `true' on input line 4072.
Package hyperref Info: Option `bookmarksopen' set `false' on input line 4072.
Package hyperref Info: Hyper figures OFF on input line 4201.
Package hyperref Info: Link nesting OFF on input line 4206.
Package hyperref Info: Hyper index ON on input line 4209.
Package hyperref Info: Plain pages OFF on input line 4216.
Package hyperref Info: Backreferencing OFF on input line 4221.
Package hyperref Info: Implicit mode ON; LaTeX internals redefined.
Package hyperref Info: Bookmarks ON on input line 4468.
\c@Hy@tempcnt=\count338

(C:/Users/admin/AppData/Local/Programs/MiKTeX/tex/latex/url/url.sty
\Urlmuskip=\muskip18
Package: url 2013/09/16  ver 3.4  Verb mode for urls, etc.
)
LaTeX Info: Redefining \url on input line 4807.
\XeTeXLinkMargin=\dimen189

(C:/Users/admin/AppData/Local/Programs/MiKTeX/tex/generic/bitset/bitset.sty
Package: bitset 2019/12/09 v1.3 Handle bit-vector datatype (HO)

(C:/Users/admin/AppData/Local/Programs/MiKTeX/tex/generic/bigintcalc/bigintcalc
.sty
Package: bigintcalc 2019/12/15 v1.5 Expandable calculations on big integers (HO
)
))
\Fld@menulength=\count339
\Field@Width=\dimen190
\Fld@charsize=\dimen191
Package hyperref Info: Hyper figures OFF on input line 6084.
Package hyperref Info: Link nesting OFF on input line 6089.
Package hyperref Info: Hyper index ON on input line 6092.
Package hyperref Info: backreferencing OFF on input line 6099.
Package hyperref Info: Link coloring OFF on input line 6104.
Package hyperref Info: Link coloring with OCG OFF on input line 6109.
Package hyperref Info: PDF/A mode OFF on input line 6114.
\Hy@abspage=\count340
\c@Item=\count341
\c@Hfootnote=\count342
)
Package hyperref Info: Driver (autodetected): hluatex.

(C:/Users/admin/AppData/Local/Programs/MiKTeX/tex/latex/hyperref/hluatex.def
File: hluatex.def 2026-01-29 v7.01p Hyperref driver for luaTeX
\Fld@listcount=\count343
\c@bookmark@seq@number=\count344

(C:/Users/admin/AppData/Local/Programs/MiKTeX/tex/latex/rerunfilecheck/rerunfil
echeck.sty
Package: rerunfilecheck 2025-06-21 v1.11 Rerun checks for auxiliary files (HO)

(C:/Users/admin/AppData/Local/Programs/MiKTeX/tex/generic/uniquecounter/uniquec
ounter.sty
Package: uniquecounter 2019/12/15 v1.4 Provide unlimited unique counter (HO)
)
Package uniquecounter Info: New unique counter `rerunfilecheck' on input line 2
84.
)
\Hy@SectionHShift=\skip69
)
(C:/Users/admin/AppData/Local/Programs/MiKTeX/tex/latex/bookmark/bookmark.sty
Package: bookmark 2023-12-10 v1.31 PDF bookmarks (HO)

(C:/Users/admin/AppData/Local/Programs/MiKTeX/tex/latex/bookmark/bkm-pdftex.def
File: bkm-pdftex.def 2023-12-10 v1.31 bookmark driver for pdfTeX and luaTeX (HO
)
\BKM@id=\count345
)) (C:/Users/admin/AppData/Local/Programs/MiKTeX/tex/latex/hypcap/hypcap.sty
Package: hypcap 2024-07-26 v1.13 Adjusting the anchors of captions (HO)

(C:/Users/admin/AppData/Local/Programs/MiKTeX/tex/latex/letltxmacro/letltxmacro
.sty
Package: letltxmacro 2019/12/03 v1.6 Let assignment for LaTeX macros (HO)
))
Package hyperref Info: Option `breaklinks' set `true' on input line 14.
) (./template/generic/lists.tex
(C:/Users/admin/AppData/Local/Programs/MiKTeX/tex/latex/enumitem/enumitem.sty
Package: enumitem 2025/02/06 v3.11 Customized lists
\labelindent=\skip70
\enit@outerparindent=\dimen192
\enit@toks=\toks35
\enit@inbox=\box106
\enit@count@id=\count346
\enitdp@description=\count347
)) (./template/generic/syntax.tex
(C:/Users/admin/AppData/Local/Programs/MiKTeX/tex/latex/listings/listings.sty
\lst@mode=\count348
\lst@gtempboxa=\box107
\lst@token=\toks36
\lst@length=\count349
\lst@currlwidth=\dimen193
\lst@column=\count350
\lst@pos=\count351
\lst@lostspace=\dimen194
\lst@width=\dimen195
\lst@newlines=\count352
\lst@lineno=\count353
\lst@maxwidth=\dimen196

(C:/Users/admin/AppData/Local/Programs/MiKTeX/tex/latex/listings/lstpatch.sty
File: lstpatch.sty 2025/11/14 1.11b (Carsten Heinz)
)
(C:/Users/admin/AppData/Local/Programs/MiKTeX/tex/latex/listings/lstmisc.sty
File: lstmisc.sty 2025/11/14 1.11b (Carsten Heinz)
\c@lstnumber=\count354
\lst@skipnumbers=\count355
\lst@framebox=\box108
)
(C:/Users/admin/AppData/Local/Programs/MiKTeX/tex/latex/listings/listings.cfg
File: listings.cfg 2025/11/14 1.11b listings configuration
))
Package: listings 2025/11/14 1.11b (Carsten Heinz)
==> First Aid for listings.sty no longer applied!
    Expected:
        2024/09/23 1.10c (Carsten Heinz)
    but found:
        2025/11/14 1.11b (Carsten Heinz)
    so I'm assuming it got fixed.
(./template/generic/syntax/solidity.tex)) (./template/generic/headers.tex
(C:/Users/admin/AppData/Local/Programs/MiKTeX/tex/latex/fancyhdr/fancyhdr.sty
Package: fancyhdr 2025/02/07 v5.2 Extensive control of page headers and footers

\f@nch@headwidth=\skip71
\f@nch@offset@elh=\skip72
\f@nch@offset@erh=\skip73
\f@nch@offset@olh=\skip74
\f@nch@offset@orh=\skip75
\f@nch@offset@elf=\skip76
\f@nch@offset@erf=\skip77
\f@nch@offset@olf=\skip78
\f@nch@offset@orf=\skip79
\f@nch@height=\skip80
\f@nch@footalignment=\skip81
\f@nch@widthL=\skip82
\f@nch@widthC=\skip83
\f@nch@widthR=\skip84
\@temptokenb=\toks37
)) (./template/generic/boxes.tex
(C:/Users/admin/AppData/Local/Programs/MiKTeX/tex/latex/tcolorbox/tcolorbox.sty
Package: tcolorbox 2025/11/28 version 6.9.0 text color boxes

(C:/Users/admin/AppData/Local/Programs/MiKTeX/tex/latex/pgf/frontendlayer/tikz.
sty
(C:/Users/admin/AppData/Local/Programs/MiKTeX/tex/latex/pgf/basiclayer/pgf.sty
(C:/Users/admin/AppData/Local/Programs/MiKTeX/tex/latex/pgf/utilities/pgfrcs.st
y
(C:/Users/admin/AppData/Local/Programs/MiKTeX/tex/generic/pgf/utilities/pgfutil
-common.tex
\pgfutil@everybye=\toks38
\pgfutil@tempdima=\dimen197
\pgfutil@tempdimb=\dimen198
)
(C:/Users/admin/AppData/Local/Programs/MiKTeX/tex/generic/pgf/utilities/pgfutil
-latex.def
\pgfutil@abb=\box109
)
(C:/Users/admin/AppData/Local/Programs/MiKTeX/tex/generic/pgf/utilities/pgfrcs.
code.tex
(C:/Users/admin/AppData/Local/Programs/MiKTeX/tex/generic/pgf/pgf.revision.tex)
Package: pgfrcs 2025-08-29 v3.1.11a (3.1.11a)
))
Package: pgf 2025-08-29 v3.1.11a (3.1.11a)

(C:/Users/admin/AppData/Local/Programs/MiKTeX/tex/latex/pgf/basiclayer/pgfcore.
sty
(C:/Users/admin/AppData/Local/Programs/MiKTeX/tex/latex/graphics/graphicx.sty
Package: graphicx 2024/12/31 v1.2e Enhanced LaTeX Graphics (DPC,SPQR)

(C:/Users/admin/AppData/Local/Programs/MiKTeX/tex/latex/graphics/graphics.sty
Package: graphics 2024/08/06 v1.4g Standard LaTeX Graphics (DPC,SPQR)

(C:/Users/admin/AppData/Local/Programs/MiKTeX/tex/latex/graphics/trig.sty
Package: trig 2023/12/02 v1.11 sin cos tan (DPC)
)
(C:/Users/admin/AppData/Local/Programs/MiKTeX/tex/latex/graphics-cfg/graphics.c
fg
File: graphics.cfg 2016/06/04 v1.11 sample graphics configuration
)
Package graphics Info: Driver file: luatex.def on input line 106.
)
\Gin@req@height=\dimen199
\Gin@req@width=\dimen256
)
(C:/Users/admin/AppData/Local/Programs/MiKTeX/tex/latex/pgf/systemlayer/pgfsys.
sty
(C:/Users/admin/AppData/Local/Programs/MiKTeX/tex/generic/pgf/systemlayer/pgfsy
s.code.tex
Package: pgfsys 2025-08-29 v3.1.11a (3.1.11a)

(C:/Users/admin/AppData/Local/Programs/MiKTeX/tex/generic/pgf/utilities/pgfkeys
.code.tex
\pgfkeys@pathtoks=\toks39
\pgfkeys@temptoks=\toks40

(C:/Users/admin/AppData/Local/Programs/MiKTeX/tex/generic/pgf/utilities/pgfkeys
libraryfiltered.code.tex
\pgfkeys@tmptoks=\toks41
))
\pgf@x=\dimen257
\pgf@y=\dimen258
\pgf@xa=\dimen259
\pgf@ya=\dimen260
\pgf@xb=\dimen261
\pgf@yb=\dimen262
\pgf@xc=\dimen263
\pgf@yc=\dimen264
\pgf@xd=\dimen265
\pgf@yd=\dimen266
\w@pgf@writea=\write3
\r@pgf@reada=\read3
\c@pgf@counta=\count356
\c@pgf@countb=\count357
\c@pgf@countc=\count358
\c@pgf@countd=\count359
\t@pgf@toka=\toks42
\t@pgf@tokb=\toks43
\t@pgf@tokc=\toks44
\pgf@sys@id@count=\count360

(C:/Users/admin/AppData/Local/Programs/MiKTeX/tex/generic/pgf/systemlayer/pgf.c
fg
File: pgf.cfg 2025-08-29 v3.1.11a (3.1.11a)
)
Driver file for pgf: pgfsys-luatex.def

(C:/Users/admin/AppData/Local/Programs/MiKTeX/tex/generic/pgf/systemlayer/pgfsy
s-luatex.def
File: pgfsys-luatex.def 2025-08-29 v3.1.11a (3.1.11a)

(C:/Users/admin/AppData/Local/Programs/MiKTeX/tex/generic/pgf/systemlayer/pgfsy
s-common-pdf.def
File: pgfsys-common-pdf.def 2025-08-29 v3.1.11a (3.1.11a)
)))
(C:/Users/admin/AppData/Local/Programs/MiKTeX/tex/generic/pgf/systemlayer/pgfsy
ssoftpath.code.tex
File: pgfsyssoftpath.code.tex 2025-08-29 v3.1.11a (3.1.11a)
\pgfsyssoftpath@smallbuffer@items=\count361
\pgfsyssoftpath@bigbuffer@items=\count362
)
(C:/Users/admin/AppData/Local/Programs/MiKTeX/tex/generic/pgf/systemlayer/pgfsy
sprotocol.code.tex
File: pgfsysprotocol.code.tex 2025-08-29 v3.1.11a (3.1.11a)
))
(C:/Users/admin/AppData/Local/Programs/MiKTeX/tex/generic/pgf/basiclayer/pgfcor
e.code.tex
Package: pgfcore 2025-08-29 v3.1.11a (3.1.11a)

(C:/Users/admin/AppData/Local/Programs/MiKTeX/tex/generic/pgf/math/pgfmath.code
.tex
(C:/Users/admin/AppData/Local/Programs/MiKTeX/tex/generic/pgf/math/pgfmathutil.
code.tex)
(C:/Users/admin/AppData/Local/Programs/MiKTeX/tex/generic/pgf/math/pgfmathparse
r.code.tex
\pgfmath@dimen=\dimen267
\pgfmath@count=\count363
\pgfmath@box=\box110
\pgfmath@toks=\toks45
\pgfmath@stack@operand=\toks46
\pgfmath@stack@operation=\toks47
)
(C:/Users/admin/AppData/Local/Programs/MiKTeX/tex/generic/pgf/math/pgfmathfunct
ions.code.tex)
(C:/Users/admin/AppData/Local/Programs/MiKTeX/tex/generic/pgf/math/pgfmathfunct
ions.basic.code.tex)
(C:/Users/admin/AppData/Local/Programs/MiKTeX/tex/generic/pgf/math/pgfmathfunct
ions.trigonometric.code.tex)
(C:/Users/admin/AppData/Local/Programs/MiKTeX/tex/generic/pgf/math/pgfmathfunct
ions.random.code.tex)
(C:/Users/admin/AppData/Local/Programs/MiKTeX/tex/generic/pgf/math/pgfmathfunct
ions.comparison.code.tex)
(C:/Users/admin/AppData/Local/Programs/MiKTeX/tex/generic/pgf/math/pgfmathfunct
ions.base.code.tex)
(C:/Users/admin/AppData/Local/Programs/MiKTeX/tex/generic/pgf/math/pgfmathfunct
ions.round.code.tex)
(C:/Users/admin/AppData/Local/Programs/MiKTeX/tex/generic/pgf/math/pgfmathfunct
ions.misc.code.tex)
(C:/Users/admin/AppData/Local/Programs/MiKTeX/tex/generic/pgf/math/pgfmathfunct
ions.integerarithmetics.code.tex)
(C:/Users/admin/AppData/Local/Programs/MiKTeX/tex/generic/pgf/math/pgfmathcalc.
code.tex)
(C:/Users/admin/AppData/Local/Programs/MiKTeX/tex/generic/pgf/math/pgfmathfloat
.code.tex
\c@pgfmathroundto@lastzeros=\count364
))
(C:/Users/admin/AppData/Local/Programs/MiKTeX/tex/generic/pgf/math/pgfint.code.
tex)
(C:/Users/admin/AppData/Local/Programs/MiKTeX/tex/generic/pgf/basiclayer/pgfcor
epoints.code.tex
File: pgfcorepoints.code.tex 2025-08-29 v3.1.11a (3.1.11a)
\pgf@picminx=\dimen268
\pgf@picmaxx=\dimen269
\pgf@picminy=\dimen270
\pgf@picmaxy=\dimen271
\pgf@pathminx=\dimen272
\pgf@pathmaxx=\dimen273
\pgf@pathminy=\dimen274
\pgf@pathmaxy=\dimen275
\pgf@xx=\dimen276
\pgf@xy=\dimen277
\pgf@yx=\dimen278
\pgf@yy=\dimen279
\pgf@zx=\dimen280
\pgf@zy=\dimen281
)
(C:/Users/admin/AppData/Local/Programs/MiKTeX/tex/generic/pgf/basiclayer/pgfcor
epathconstruct.code.tex
File: pgfcorepathconstruct.code.tex 2025-08-29 v3.1.11a (3.1.11a)
\pgf@path@lastx=\dimen282
\pgf@path@lasty=\dimen283
)
(C:/Users/admin/AppData/Local/Programs/MiKTeX/tex/generic/pgf/basiclayer/pgfcor
epathusage.code.tex
File: pgfcorepathusage.code.tex 2025-08-29 v3.1.11a (3.1.11a)
\pgf@shorten@end@additional=\dimen284
\pgf@shorten@start@additional=\dimen285
)
(C:/Users/admin/AppData/Local/Programs/MiKTeX/tex/generic/pgf/basiclayer/pgfcor
escopes.code.tex
File: pgfcorescopes.code.tex 2025-08-29 v3.1.11a (3.1.11a)
\pgfpic=\box111
\pgf@hbox=\box112
\pgf@layerbox@main=\box113
\pgf@picture@serial@count=\count365
)
(C:/Users/admin/AppData/Local/Programs/MiKTeX/tex/generic/pgf/basiclayer/pgfcor
egraphicstate.code.tex
File: pgfcoregraphicstate.code.tex 2025-08-29 v3.1.11a (3.1.11a)
\pgflinewidth=\dimen286
)
(C:/Users/admin/AppData/Local/Programs/MiKTeX/tex/generic/pgf/basiclayer/pgfcor
etransformations.code.tex
File: pgfcoretransformations.code.tex 2025-08-29 v3.1.11a (3.1.11a)
\pgf@pt@x=\dimen287
\pgf@pt@y=\dimen288
\pgf@pt@temp=\dimen289
)
(C:/Users/admin/AppData/Local/Programs/MiKTeX/tex/generic/pgf/basiclayer/pgfcor
equick.code.tex
File: pgfcorequick.code.tex 2025-08-29 v3.1.11a (3.1.11a)
)
(C:/Users/admin/AppData/Local/Programs/MiKTeX/tex/generic/pgf/basiclayer/pgfcor
eobjects.code.tex
File: pgfcoreobjects.code.tex 2025-08-29 v3.1.11a (3.1.11a)
)
(C:/Users/admin/AppData/Local/Programs/MiKTeX/tex/generic/pgf/basiclayer/pgfcor
epathprocessing.code.tex
File: pgfcorepathprocessing.code.tex 2025-08-29 v3.1.11a (3.1.11a)
)
(C:/Users/admin/AppData/Local/Programs/MiKTeX/tex/generic/pgf/basiclayer/pgfcor
earrows.code.tex
File: pgfcorearrows.code.tex 2025-08-29 v3.1.11a (3.1.11a)
\pgfarrowsep=\dimen290
)
(C:/Users/admin/AppData/Local/Programs/MiKTeX/tex/generic/pgf/basiclayer/pgfcor
eshade.code.tex
File: pgfcoreshade.code.tex 2025-08-29 v3.1.11a (3.1.11a)
\pgf@max=\dimen291
\pgf@sys@shading@range@num=\count366
\pgf@shadingcount=\count367
)
(C:/Users/admin/AppData/Local/Programs/MiKTeX/tex/generic/pgf/basiclayer/pgfcor
eimage.code.tex
File: pgfcoreimage.code.tex 2025-08-29 v3.1.11a (3.1.11a)
)
(C:/Users/admin/AppData/Local/Programs/MiKTeX/tex/generic/pgf/basiclayer/pgfcor
eexternal.code.tex
File: pgfcoreexternal.code.tex 2025-08-29 v3.1.11a (3.1.11a)
\pgfexternal@startupbox=\box114
)
(C:/Users/admin/AppData/Local/Programs/MiKTeX/tex/generic/pgf/basiclayer/pgfcor
elayers.code.tex
File: pgfcorelayers.code.tex 2025-08-29 v3.1.11a (3.1.11a)
)
(C:/Users/admin/AppData/Local/Programs/MiKTeX/tex/generic/pgf/basiclayer/pgfcor
etransparency.code.tex
File: pgfcoretransparency.code.tex 2025-08-29 v3.1.11a (3.1.11a)
)
(C:/Users/admin/AppData/Local/Programs/MiKTeX/tex/generic/pgf/basiclayer/pgfcor
epatterns.code.tex
File: pgfcorepatterns.code.tex 2025-08-29 v3.1.11a (3.1.11a)
)
(C:/Users/admin/AppData/Local/Programs/MiKTeX/tex/generic/pgf/basiclayer/pgfcor
erdf.code.tex
File: pgfcorerdf.code.tex 2025-08-29 v3.1.11a (3.1.11a)
)))
(C:/Users/admin/AppData/Local/Programs/MiKTeX/tex/generic/pgf/modules/pgfmodule
shapes.code.tex
File: pgfmoduleshapes.code.tex 2025-08-29 v3.1.11a (3.1.11a)
\pgfnodeparttextbox=\box115
)
(C:/Users/admin/AppData/Local/Programs/MiKTeX/tex/generic/pgf/modules/pgfmodule
plot.code.tex
File: pgfmoduleplot.code.tex 2025-08-29 v3.1.11a (3.1.11a)
)
(C:/Users/admin/AppData/Local/Programs/MiKTeX/tex/latex/pgf/compatibility/pgfco
mp-version-0-65.sty
Package: pgfcomp-version-0-65 2025-08-29 v3.1.11a (3.1.11a)
\pgf@nodesepstart=\dimen292
\pgf@nodesepend=\dimen293
)
(C:/Users/admin/AppData/Local/Programs/MiKTeX/tex/latex/pgf/compatibility/pgfco
mp-version-1-18.sty
Package: pgfcomp-version-1-18 2025-08-29 v3.1.11a (3.1.11a)
))
(C:/Users/admin/AppData/Local/Programs/MiKTeX/tex/latex/pgf/utilities/pgffor.st
y
(C:/Users/admin/AppData/Local/Programs/MiKTeX/tex/latex/pgf/utilities/pgfkeys.s
ty
(C:/Users/admin/AppData/Local/Programs/MiKTeX/tex/generic/pgf/utilities/pgfkeys
.code.tex))
(C:/Users/admin/AppData/Local/Programs/MiKTeX/tex/latex/pgf/math/pgfmath.sty
(C:/Users/admin/AppData/Local/Programs/MiKTeX/tex/generic/pgf/math/pgfmath.code
.tex))
(C:/Users/admin/AppData/Local/Programs/MiKTeX/tex/generic/pgf/utilities/pgffor.
code.tex
Package: pgffor 2025-08-29 v3.1.11a (3.1.11a)
\pgffor@iter=\dimen294
\pgffor@skip=\dimen295
\pgffor@stack=\toks48
\pgffor@toks=\toks49
))
(C:/Users/admin/AppData/Local/Programs/MiKTeX/tex/generic/pgf/frontendlayer/tik
z/tikz.code.tex
Package: tikz 2025-08-29 v3.1.11a (3.1.11a)

(C:/Users/admin/AppData/Local/Programs/MiKTeX/tex/generic/pgf/libraries/pgflibr
aryplothandlers.code.tex
File: pgflibraryplothandlers.code.tex 2025-08-29 v3.1.11a (3.1.11a)
\pgf@plot@mark@count=\count368
\pgfplotmarksize=\dimen296
)
\tikz@lastx=\dimen297
\tikz@lasty=\dimen298
\tikz@lastxsaved=\dimen299
\tikz@lastysaved=\dimen300
\tikz@lastmovetox=\dimen301
\tikz@lastmovetoy=\dimen302
\tikzleveldistance=\dimen303
\tikzsiblingdistance=\dimen304
\tikz@figbox=\box116
\tikz@figbox@bg=\box117
\tikz@tempbox=\box118
\tikz@tempbox@bg=\box119
\tikztreelevel=\count369
\tikznumberofchildren=\count370
\tikznumberofcurrentchild=\count371
\tikz@fig@count=\count372

(C:/Users/admin/AppData/Local/Programs/MiKTeX/tex/generic/pgf/modules/pgfmodule
matrix.code.tex
File: pgfmodulematrix.code.tex 2025-08-29 v3.1.11a (3.1.11a)
\pgfmatrixcurrentrow=\count373
\pgfmatrixcurrentcolumn=\count374
\pgf@matrix@numberofcolumns=\count375
)
\tikz@expandcount=\count376

(C:/Users/admin/AppData/Local/Programs/MiKTeX/tex/generic/pgf/frontendlayer/tik
z/libraries/tikzlibrarytopaths.code.tex
File: tikzlibrarytopaths.code.tex 2025-08-29 v3.1.11a (3.1.11a)
)))
(C:/Users/admin/AppData/Local/Programs/MiKTeX/tex/latex/tools/verbatim.sty
Package: verbatim 2024-01-22 v1.5x LaTeX2e package for verbatim enhancements
\every@verbatim=\toks50
\verbatim@line=\toks51
\verbatim@in@stream=\read4
)
(C:/Users/admin/AppData/Local/Programs/MiKTeX/tex/latex/environ/environ.sty
Package: environ 2014/05/04 v0.3 A new way to define environments

(C:/Users/admin/AppData/Local/Programs/MiKTeX/tex/latex/trimspaces/trimspaces.s
ty
Package: trimspaces 2009/09/17 v1.1 Trim spaces around a token list
))
\tcb@titlebox=\box120
\tcb@upperbox=\box121
\tcb@lowerbox=\box122
\tcb@phantombox=\box123
\c@tcbbreakpart=\count377
\c@tcblayer=\count378
\c@tcolorbox@number=\count379
\l__tcobox_tmpa_box=\box124
\l__tcobox_tmpa_dim=\dimen305
\tcb@temp=\box125
\tcb@temp=\box126
\tcb@temp=\box127
\tcb@temp=\box128

(C:/Users/admin/AppData/Local/Programs/MiKTeX/tex/latex/tcolorbox/tcbraster.cod
e.tex
Library (tcolorbox): 'tcbraster.code.tex' version '6.9.0'
\c@tcbrastercolumn=\count380
\c@tcbrasterrow=\count381
\c@tcbrasternum=\count382
\c@tcbraster=\count383
)
(C:/Users/admin/AppData/Local/Programs/MiKTeX/tex/latex/tcolorbox/tcbskins.code
.tex
Library (tcolorbox): 'tcbskins.code.tex' version '6.9.0'

(C:/Users/admin/AppData/Local/Programs/MiKTeX/tex/latex/tikzfill/tikzfill.image
.sty
Package: tikzfill.image 2026/03/26 v1.1.0 Image filling library for TikZ

(C:/Users/admin/AppData/Local/Programs/MiKTeX/tex/latex/tikzfill/tikzlibraryfil
l.image.code.tex
File: tikzlibraryfill.image.code.tex 2026/03/26 v1.1.0 Image filling library
\l__tikzfill_tmpa_dim=\dimen306
\l__tikzfill_tmpb_dim=\dimen307
\l__tikzfill_img_box=\box129
))
(C:/Users/admin/AppData/Local/Programs/MiKTeX/tex/latex/tcolorbox/tcbskinsjigsa
w.code.tex
Library (tcolorbox): 'tcbskinsjigsaw.code.tex' version '6.9.0'
))
(C:/Users/admin/AppData/Local/Programs/MiKTeX/tex/latex/tcolorbox/tcbbreakable.
code.tex
Library (tcolorbox): 'tcbbreakable.code.tex' version '6.9.0'
(C:/Users/admin/AppData/Local/Programs/MiKTeX/tex/latex/pdfcol/pdfcol.sty
Package: pdfcol 2022-09-21 v1.7 Handle new color stacks for pdfTeX (HO)
)
Package pdfcol Info: New color stack `tcb@breakable' = 1 on input line 23.
\tcb@testbox=\box130
\tcb@totalupperbox=\box131
\tcb@totallowerbox=\box132

(C:/Users/admin/AppData/Local/Programs/MiKTeX/tex/generic/iftex/ifluatex.sty
Package: ifluatex 2019/10/25 v1.5 ifluatex legacy package. Use iftex instead.
))
(C:/Users/admin/AppData/Local/Programs/MiKTeX/tex/latex/tcolorbox/tcbhooks.code
.tex
Library (tcolorbox): 'tcbhooks.code.tex' version '6.9.0'
)
(C:/Users/admin/AppData/Local/Programs/MiKTeX/tex/latex/tcolorbox/tcbtheorems.c
ode.tex
Library (tcolorbox): 'tcbtheorems.code.tex' version '6.9.0'
)
(C:/Users/admin/AppData/Local/Programs/MiKTeX/tex/latex/tcolorbox/tcbfitting.co
de.tex
Library (tcolorbox): 'tcbfitting.code.tex' version '6.9.0'
\tcbfitdim=\dimen308
\tcb@lowerfitdim=\dimen309
\tcb@upperfitdim=\dimen310
\tcb@cur@hbadness=\count384
)
(C:/Users/admin/AppData/Local/Programs/MiKTeX/tex/latex/tcolorbox/tcblistingsut
f8.code.tex
Library (tcolorbox): 'tcblistingsutf8.code.tex' version '6.9.0'

(C:/Users/admin/AppData/Local/Programs/MiKTeX/tex/latex/tcolorbox/tcblistings.c
ode.tex
Library (tcolorbox): 'tcblistings.code.tex' version '6.9.0'

(C:/Users/admin/AppData/Local/Programs/MiKTeX/tex/latex/tcolorbox/tcblistingsco
re.code.tex
Library (tcolorbox): 'tcblistingscore.code.tex' version '6.9.0'

(C:/Users/admin/AppData/Local/Programs/MiKTeX/tex/latex/tcolorbox/tcbprocessing
.code.tex
Library (tcolorbox): 'tcbprocessing.code.tex' version '6.9.0'
)
\c@tcblisting=\count385
))
Package tcolorbox Info: Library `listingsutf8' is compatible with pdftex only. 
Library `listings` is loaded instead. on input line 29.
)
(C:/Users/admin/AppData/Local/Programs/MiKTeX/tex/latex/tcolorbox/tcbexternal.c
ode.tex
Library (tcolorbox): 'tcbexternal.code.tex' version '6.9.0'
)
(C:/Users/admin/AppData/Local/Programs/MiKTeX/tex/latex/tcolorbox/tcbmagazine.c
ode.tex
Library (tcolorbox): 'tcbmagazine.code.tex' version '6.9.0'
)
(C:/Users/admin/AppData/Local/Programs/MiKTeX/tex/latex/tcolorbox/tcbvignette.c
ode.tex
Library (tcolorbox): 'tcbvignette.code.tex' version '6.9.0'

(C:/Users/admin/AppData/Local/Programs/MiKTeX/tex/generic/pgf/frontendlayer/tik
z/libraries/tikzlibraryfadings.code.tex
File: tikzlibraryfadings.code.tex 2025-08-29 v3.1.11a (3.1.11a)

(C:/Users/admin/AppData/Local/Programs/MiKTeX/tex/generic/pgf/libraries/pgflibr
aryfadings.code.tex
File: pgflibraryfadings.code.tex 2025-08-29 v3.1.11a (3.1.11a)
)))
(C:/Users/admin/AppData/Local/Programs/MiKTeX/tex/latex/tcolorbox/tcbposter.cod
e.tex
Library (tcolorbox): 'tcbposter.code.tex' version '6.9.0'
))) (./template/generic/captions.tex
(C:/Users/admin/AppData/Local/Programs/MiKTeX/tex/latex/caption/caption.sty
Package: caption 2023/08/05 v3.6o Customizing captions (AR)

(C:/Users/admin/AppData/Local/Programs/MiKTeX/tex/latex/caption/caption3.sty
Package: caption3 2023/07/31 v2.4d caption3 kernel (AR)
\caption@tempdima=\dimen311
\captionmargin=\dimen312
\caption@leftmargin=\dimen313
\caption@rightmargin=\dimen314
\caption@width=\dimen315
\caption@indent=\dimen316
\caption@parindent=\dimen317
\caption@hangindent=\dimen318
Package caption Info: Standard document class detected.
)
\c@caption@flags=\count386
\c@continuedfloat=\count387
Package caption Info: hyperref package is loaded.
Package caption Info: hypcap package is loaded.
Package caption Info: listings package is loaded.
)) (./template/generic/images.tex) (./template/generic/figures.tex
(C:/Users/admin/AppData/Local/Programs/MiKTeX/tex/generic/pgf/frontendlayer/tik
z/libraries/tikzlibraryarrows.code.tex
File: tikzlibraryarrows.code.tex 2025-08-29 v3.1.11a (3.1.11a)

(C:/Users/admin/AppData/Local/Programs/MiKTeX/tex/generic/pgf/libraries/pgflibr
aryarrows.code.tex
File: pgflibraryarrows.code.tex 2025-08-29 v3.1.11a (3.1.11a)
\arrowsize=\dimen319
))
(C:/Users/admin/AppData/Local/Programs/MiKTeX/tex/generic/pgf/frontendlayer/tik
z/libraries/tikzlibrarybackgrounds.code.tex
File: tikzlibrarybackgrounds.code.tex 2025-08-29 v3.1.11a (3.1.11a)
\pgf@layerbox@background=\box133
\pgf@layerboxsaved@background=\box134
)
(C:/Users/admin/AppData/Local/Programs/MiKTeX/tex/generic/pgf/frontendlayer/tik
z/libraries/tikzlibrarycalc.code.tex
File: tikzlibrarycalc.code.tex 2025-08-29 v3.1.11a (3.1.11a)
)
(C:/Users/admin/AppData/Local/Programs/MiKTeX/tex/generic/pgf/frontendlayer/tik
z/libraries/tikzlibraryfit.code.tex
File: tikzlibraryfit.code.tex 2025-08-29 v3.1.11a (3.1.11a)
)
(C:/Users/admin/AppData/Local/Programs/MiKTeX/tex/generic/pgf/frontendlayer/tik
z/libraries/tikzlibrarymath.code.tex
(C:/Users/admin/AppData/Local/Programs/MiKTeX/tex/generic/pgf/frontendlayer/tik
z/libraries/tikzlibraryfpu.code.tex
(C:/Users/admin/AppData/Local/Programs/MiKTeX/tex/generic/pgf/libraries/pgflibr
aryfpu.code.tex))
\tikz@math@for@depth=\count388
\tikz@math@dimen=\dimen320
\tikz@math@toks=\toks52
)
(C:/Users/admin/AppData/Local/Programs/MiKTeX/tex/generic/pgf/frontendlayer/tik
z/libraries/tikzlibrarymindmap.code.tex
File: tikzlibrarymindmap.code.tex 2025-08-29 v3.1.11a (3.1.11a)

(C:/Users/admin/AppData/Local/Programs/MiKTeX/tex/generic/pgf/frontendlayer/tik
z/libraries/tikzlibrarytrees.code.tex
File: tikzlibrarytrees.code.tex 2025-08-29 v3.1.11a (3.1.11a)
)
(C:/Users/admin/AppData/Local/Programs/MiKTeX/tex/generic/pgf/frontendlayer/tik
z/libraries/tikzlibrarydecorations.code.tex
(C:/Users/admin/AppData/Local/Programs/MiKTeX/tex/generic/pgf/modules/pgfmodule
decorations.code.tex
\pgfdecoratedcompleteddistance=\dimen321
\pgfdecoratedremainingdistance=\dimen322
\pgfdecoratedinputsegmentcompleteddistance=\dimen323
\pgfdecoratedinputsegmentremainingdistance=\dimen324
\pgf@decorate@distancetomove=\dimen325
\pgf@decorate@repeatstate=\count389
\pgfdecorationsegmentamplitude=\dimen326
\pgfdecorationsegmentlength=\dimen327
)
\tikz@lib@dec@box=\box135
))
(C:/Users/admin/AppData/Local/Programs/MiKTeX/tex/generic/pgf/frontendlayer/tik
z/libraries/tikzlibrarypositioning.code.tex
File: tikzlibrarypositioning.code.tex 2025-08-29 v3.1.11a (3.1.11a)
)
(C:/Users/admin/AppData/Local/Programs/MiKTeX/tex/generic/pgf/frontendlayer/tik
z/libraries/tikzlibraryshapes.code.tex
File: tikzlibraryshapes.code.tex 2025-08-29 v3.1.11a (3.1.11a)

(C:/Users/admin/AppData/Local/Programs/MiKTeX/tex/generic/pgf/frontendlayer/tik
z/libraries/tikzlibraryshapes.geometric.code.tex
File: tikzlibraryshapes.geometric.code.tex 2025-08-29 v3.1.11a (3.1.11a)

(C:/Users/admin/AppData/Local/Programs/MiKTeX/tex/generic/pgf/libraries/shapes/
pgflibraryshapes.geometric.code.tex
File: pgflibraryshapes.geometric.code.tex 2025-08-29 v3.1.11a (3.1.11a)
))
(C:/Users/admin/AppData/Local/Programs/MiKTeX/tex/generic/pgf/frontendlayer/tik
z/libraries/tikzlibraryshapes.misc.code.tex
File: tikzlibraryshapes.misc.code.tex 2025-08-29 v3.1.11a (3.1.11a)

(C:/Users/admin/AppData/Local/Programs/MiKTeX/tex/generic/pgf/libraries/shapes/
pgflibraryshapes.misc.code.tex
File: pgflibraryshapes.misc.code.tex 2025-08-29 v3.1.11a (3.1.11a)
))
(C:/Users/admin/AppData/Local/Programs/MiKTeX/tex/generic/pgf/frontendlayer/tik
z/libraries/tikzlibraryshapes.symbols.code.tex
File: tikzlibraryshapes.symbols.code.tex 2025-08-29 v3.1.11a (3.1.11a)

(C:/Users/admin/AppData/Local/Programs/MiKTeX/tex/generic/pgf/libraries/shapes/
pgflibraryshapes.symbols.code.tex
File: pgflibraryshapes.symbols.code.tex 2025-08-29 v3.1.11a (3.1.11a)
))
(C:/Users/admin/AppData/Local/Programs/MiKTeX/tex/generic/pgf/frontendlayer/tik
z/libraries/tikzlibraryshapes.arrows.code.tex
File: tikzlibraryshapes.arrows.code.tex 2025-08-29 v3.1.11a (3.1.11a)

(C:/Users/admin/AppData/Local/Programs/MiKTeX/tex/generic/pgf/libraries/shapes/
pgflibraryshapes.arrows.code.tex
File: pgflibraryshapes.arrows.code.tex 2025-08-29 v3.1.11a (3.1.11a)
))
(C:/Users/admin/AppData/Local/Programs/MiKTeX/tex/generic/pgf/frontendlayer/tik
z/libraries/tikzlibraryshapes.callouts.code.tex
(C:/Users/admin/AppData/Local/Programs/MiKTeX/tex/generic/pgf/libraries/shapes/
pgflibraryshapes.callouts.code.tex))
(C:/Users/admin/AppData/Local/Programs/MiKTeX/tex/generic/pgf/frontendlayer/tik
z/libraries/tikzlibraryshapes.multipart.code.tex
File: tikzlibraryshapes.multipart.code.tex 2025-08-29 v3.1.11a (3.1.11a)

(C:/Users/admin/AppData/Local/Programs/MiKTeX/tex/generic/pgf/libraries/shapes/
pgflibraryshapes.multipart.code.tex
File: pgflibraryshapes.multipart.code.tex 2025-08-29 v3.1.11a (3.1.11a)
\pgfnodepartlowerbox=\box136
\pgfnodeparttwobox=\box137
\pgfnodepartthreebox=\box138
\pgfnodepartfourbox=\box139
\pgfnodeparttwentybox=\box140
\pgfnodepartnineteenbox=\box141
\pgfnodeparteighteenbox=\box142
\pgfnodepartseventeenbox=\box143
\pgfnodepartsixteenbox=\box144
\pgfnodepartfifteenbox=\box145
\pgfnodepartfourteenbox=\box146
\pgfnodepartthirteenbox=\box147
\pgfnodeparttwelvebox=\box148
\pgfnodepartelevenbox=\box149
\pgfnodeparttenbox=\box150
\pgfnodepartninebox=\box151
\pgfnodeparteightbox=\box152
\pgfnodepartsevenbox=\box153
\pgfnodepartsixbox=\box154
\pgfnodepartfivebox=\box155
)))
(C:/Users/admin/AppData/Local/Programs/MiKTeX/tex/latex/tikzmark/tikzlibrarytik
zmark.code.tex
File: tikzlibrarytikzmark.code.tex 2022/08/24 v1.15 TikZ library for marking po
sitions in a document

(C:/Users/admin/AppData/Local/Programs/MiKTeX/tex/latex/l3packages/l3keys2e/l3k
eys2e.sty
Package: l3keys2e 2025-10-09 LaTeX2e option processing using LaTeX3 keys
)
\l__sn_x_dim=\dimen328
\l__sn_y_dim=\dimen329
\l__sn_xa_dim=\dimen330
\l__sn_ya_dim=\dimen331
)) (./template/generic/tables.tex
(C:/Users/admin/AppData/Local/Programs/MiKTeX/tex/latex/booktabs/booktabs.sty
Package: booktabs 2020/01/12 v1.61803398 Publication quality tables
\heavyrulewidth=\dimen332
\lightrulewidth=\dimen333
\cmidrulewidth=\dimen334
\belowrulesep=\dimen335
\belowbottomsep=\dimen336
\aboverulesep=\dimen337
\abovetopsep=\dimen338
\cmidrulesep=\dimen339
\cmidrulekern=\dimen340
\defaultaddspace=\dimen341
\@cmidla=\count390
\@cmidlb=\count391
\@aboverulesep=\dimen342
\@belowrulesep=\dimen343
\@thisruleclass=\count392
\@lastruleclass=\count393
\@thisrulewidth=\dimen344
))) (./template/book/page.tex
(C:/Users/admin/AppData/Local/Programs/MiKTeX/tex/latex/geometry/geometry.sty
Package: geometry 2026/03/07 v6.0 Page Geometry

(C:/Users/admin/AppData/Local/Programs/MiKTeX/tex/generic/iftex/ifvtex.sty
Package: ifvtex 2019/10/25 v1.7 ifvtex legacy package. Use iftex instead.
)
\Gm@cnth=\count394
\Gm@cntv=\count395
\c@Gm@tempcnt=\count396
\Gm@bindingoffset=\dimen345
\Gm@wd@mp=\dimen346
\Gm@odd@mp=\dimen347
\Gm@even@mp=\dimen348
\Gm@layoutwidth=\dimen349
\Gm@layoutheight=\dimen350
\Gm@layouthoffset=\dimen351
\Gm@layoutvoffset=\dimen352
\Gm@dimlist=\toks53

(C:/Users/admin/AppData/Local/Programs/MiKTeX/tex/latex/geometry/geometry.cfg)))

(C:/Users/admin/AppData/Local/Programs/MiKTeX/tex/latex/pdflscape/pdflscape.sty
Package: pdflscape 2022-10-27 v0.13 Display of landscape pages in PDF

(C:/Users/admin/AppData/Local/Programs/MiKTeX/tex/latex/pdflscape/pdflscape-nom
etadata.sty
Package: pdflscape-nometadata 2022-10-28 v0.13 Display of landscape pages in PD
F (HO)

(C:/Users/admin/AppData/Local/Programs/MiKTeX/tex/latex/graphics/lscape.sty
Package: lscape 2020/05/28 v3.02 Landscape Pages (DPC)
)
Package pdflscape Info: Auto-detected driver: pdftex on input line 81.
))
(./template/book/titles.tex) (./template/book/cover.tex)
(./template/book/toc.tex
(C:/Users/admin/AppData/Local/Programs/MiKTeX/tex/latex/titlesec/titletoc.sty
Package: titletoc 2025/01/04 v2.17 TOC entries
\ttl@leftsep=\dimen353
)) (./template/book/background.tex
(C:/Users/admin/AppData/Local/Programs/MiKTeX/tex/latex/silence/silence.sty
Package: silence 2012/07/02 v1.5b Selective filtering of warnings and error mes
sages
\sl@Save=\count397
\sl@StateNumber=\count398
\sl@MessageCount=\count399
\sl@Casualties=\count400
\sl@Filter=\toks54
\sl@Message=\toks55
\sl@UnexpandedMessage=\toks56
\sl@Mess@ge=\toks57
\sl@WarningCount=\count401
\sl@WarningNumber=\count402
\sl@WarningCasualties=\count403
\sl@TempBOW=\toks58
\sl@BankOfWarnings=\toks59
LaTeX Info: Redefining \GenericWarning on input line 433.
\sl@ErrorCount=\count404
\sl@ErrorNumber=\count405
\sl@ErrorCasualties=\count406
\sl@TempBOE=\toks60
\sl@BankOfErrors=\toks61
LaTeX Info: Redefining \GenericError on input line 601.
)
(C:/Users/admin/AppData/Local/Programs/MiKTeX/tex/latex/background/background.s
ty
Package: background 2014/03/04 v2.1 background material
 (C:/Users/admin/AppData/Local/Programs/MiKTeX/tex/latex/xkeyval/xkeyval.sty
Package: xkeyval 2022/06/16 v2.9 package option processing (HA)

(C:/Users/admin/AppData/Local/Programs/MiKTeX/tex/generic/xkeyval/xkeyval.tex
(C:/Users/admin/AppData/Local/Programs/MiKTeX/tex/generic/xkeyval/xkvutils.tex
\XKV@toks=\toks62
\XKV@tempa@toks=\toks63
)
\XKV@depth=\count407
File: xkeyval.tex 2014/12/03 v2.7a key=value parser (HA)
))
(C:/Users/admin/AppData/Local/Programs/MiKTeX/tex/latex/everypage/everypage.sty
Package: everypage 2020/10/17 R2.0b Hooks to run on every page
) (C:/Users/admin/AppData/Local/Programs/MiKTeX/tex/latex/tools/afterpage.sty
Package: afterpage 2023/07/04 v1.08 After-Page Package (DPC)
\AP@output=\toks64
\AP@partial=\box156
\AP@footins=\box157
))) (./template/book/bibliography.tex
(C:/Users/admin/AppData/Local/Programs/MiKTeX/tex/latex/csquotes/csquotes.sty
Package: csquotes 2024-04-04 v5.2o context-sensitive quotations (JAW)
\csq@reset=\count408
\csq@gtype=\count409
\csq@glevel=\count410
\csq@qlevel=\count411
\csq@maxlvl=\count412
\csq@tshold=\count413
\csq@ltx@everypar=\toks65

(C:/Users/admin/AppData/Local/Programs/MiKTeX/tex/latex/csquotes/csquotes.def
File: csquotes.def 2024-04-04 v5.2o csquotes generic definitions (JAW)
)
Package csquotes Info: Trying to load configuration file 'csquotes.cfg'...
Package csquotes Info: ... configuration file loaded successfully.

(C:/Users/admin/AppData/Local/Programs/MiKTeX/tex/latex/csquotes/csquotes.cfg
File: csquotes.cfg 
)) (C:/Users/admin/AppData/Local/Programs/MiKTeX/tex/latex/biblatex/biblatex.st
y
Package: biblatex 2025/07/10 v3.21 programmable bibliographies (PK/MW)

(C:/Users/admin/AppData/Local/Programs/MiKTeX/tex/latex/logreq/logreq.sty
Package: logreq 2010/08/04 v1.0 xml request logger
\lrq@indent=\count414

(C:/Users/admin/AppData/Local/Programs/MiKTeX/tex/latex/logreq/logreq.def
File: logreq.def 2010/08/04 v1.0 logreq spec v1.0
))
(C:/Users/admin/AppData/Local/Programs/MiKTeX/tex/latex/base/ifthen.sty
Package: ifthen 2024/03/16 v1.1e Standard LaTeX ifthen package (DPC)
)
\c@tabx@nest=\count415
\c@listtotal=\count416
\c@listcount=\count417
\c@liststart=\count418
\c@liststop=\count419
\c@citecount=\count420
\c@citetotal=\count421
\c@multicitecount=\count422
\c@multicitetotal=\count423
\c@instcount=\count424
\c@maxnames=\count425
\c@minnames=\count426
\c@maxitems=\count427
\c@minitems=\count428
\c@citecounter=\count429
\c@maxcitecounter=\count430
\c@savedcitecounter=\count431
\c@uniquelist=\count432
\c@uniquename=\count433
\c@refsection=\count434
\c@refsegment=\count435
\c@maxextratitle=\count436
\c@maxextratitleyear=\count437
\c@maxextraname=\count438
\c@maxextradate=\count439
\c@maxextraalpha=\count440
\c@abbrvpenalty=\count441
\c@highnamepenalty=\count442
\c@lownamepenalty=\count443
\c@maxparens=\count444
\c@parenlevel=\count445
\blx@tempcnta=\count446
\blx@tempcntb=\count447
\blx@tempcntc=\count448
\c@blx@maxsection=\count449
\blx@maxsegment@0=\count450
\blx@notetype=\count451
\blx@parenlevel@text=\count452
\blx@parenlevel@foot=\count453
\blx@sectionciteorder@0=\count454
\blx@sectionciteorderinternal@0=\count455
\blx@entrysetcounter=\count456
\blx@biblioinstance=\count457
\labelnumberwidth=\skip85
\labelalphawidth=\skip86
\biblabelsep=\skip87
\bibitemsep=\skip88
\bibnamesep=\skip89
\bibinitsep=\skip90
\bibparsep=\skip91
\bibhang=\skip92
\blx@bcfin=\read5
\blx@bcfout=\write4
\blx@langwohyphens=\language81
\c@mincomprange=\count458
\c@maxcomprange=\count459
\c@mincompwidth=\count460
Package biblatex Info: Trying to load biblatex default data model...
Package biblatex Info: ... file 'blx-dm.def' found.

(C:/Users/admin/AppData/Local/Programs/MiKTeX/tex/latex/biblatex/blx-dm.def
File: blx-dm.def 2025/07/10 v3.21 biblatex datamodel (PK/MW)
)
Package biblatex Info: Trying to load biblatex style data model...
Package biblatex Info: ... file 'alphabetic.dbx' not found.
Package biblatex Info: Trying to load biblatex custom data model...
Package biblatex Info: ... file 'biblatex-dm.cfg' not found.
\c@afterword=\count461
\c@savedafterword=\count462
\c@annotator=\count463
\c@savedannotator=\count464
\c@author=\count465
\c@savedauthor=\count466
\c@bookauthor=\count467
\c@savedbookauthor=\count468
\c@commentator=\count469
\c@savedcommentator=\count470
\c@editor=\count471
\c@savededitor=\count472
\c@editora=\count473
\c@savededitora=\count474
\c@editorb=\count475
\c@savededitorb=\count476
\c@editorc=\count477
\c@savededitorc=\count478
\c@foreword=\count479
\c@savedforeword=\count480
\c@holder=\count481
\c@savedholder=\count482
\c@introduction=\count483
\c@savedintroduction=\count484
\c@namea=\count485
\c@savednamea=\count486
\c@nameb=\count487
\c@savednameb=\count488
\c@namec=\count489
\c@savednamec=\count490
\c@translator=\count491
\c@savedtranslator=\count492
\c@shortauthor=\count493
\c@savedshortauthor=\count494
\c@shorteditor=\count495
\c@savedshorteditor=\count496
\c@labelname=\count497
\c@savedlabelname=\count498
\c@institution=\count499
\c@savedinstitution=\count500
\c@lista=\count501
\c@savedlista=\count502
\c@listb=\count503
\c@savedlistb=\count504
\c@listc=\count505
\c@savedlistc=\count506
\c@listd=\count507
\c@savedlistd=\count508
\c@liste=\count509
\c@savedliste=\count510
\c@listf=\count511
\c@savedlistf=\count512
\c@location=\count513
\c@savedlocation=\count514
\c@organization=\count515
\c@savedorganization=\count516
\c@origlocation=\count517
\c@savedoriglocation=\count518
\c@origpublisher=\count519
\c@savedorigpublisher=\count520
\c@publisher=\count521
\c@savedpublisher=\count522
\c@language=\count523
\c@savedlanguage=\count524
\c@origlanguage=\count525
\c@savedoriglanguage=\count526
\c@pageref=\count527
\c@savedpageref=\count528
\shorthandwidth=\skip93
\shortjournalwidth=\skip94
\shortserieswidth=\skip95
\shorttitlewidth=\skip96
\shortauthorwidth=\skip97
\shorteditorwidth=\skip98
\locallabelnumberwidth=\skip99
\locallabelalphawidth=\skip100
\localshorthandwidth=\skip101
\localshortjournalwidth=\skip102
\localshortserieswidth=\skip103
\localshorttitlewidth=\skip104
\localshortauthorwidth=\skip105
\localshorteditorwidth=\skip106
Package biblatex Info: Trying to load enhanced support for Unicode engines...
Package biblatex Info: ... file 'blx-unicode.def' found.

(C:/Users/admin/AppData/Local/Programs/MiKTeX/tex/latex/biblatex/blx-unicode.de
f)
Package biblatex Info: Trying to load compatibility code...
Package biblatex Info: ... file 'blx-compat.def' found.

(C:/Users/admin/AppData/Local/Programs/MiKTeX/tex/latex/biblatex/blx-compat.def
File: blx-compat.def 2025/07/10 v3.21 biblatex compatibility (PK/MW)
)
Package biblatex Info: Trying to load generic definitions...
Package biblatex Info: ... file 'biblatex.def' found.
 (C:/Users/admin/AppData/Local/Programs/MiKTeX/tex/latex/biblatex/biblatex.def
File: biblatex.def 2025/07/10 v3.21 biblatex compatibility (PK/MW)
\c@textcitecount=\count529
\c@textcitetotal=\count530
\c@textcitemaxnames=\count531
\c@biburlbigbreakpenalty=\count532
\c@biburlbreakpenalty=\count533
\c@biburlnumpenalty=\count534
\c@biburlucpenalty=\count535
\c@biburllcpenalty=\count536
\biburlbigskip=\muskip19
\biburlnumskip=\muskip20
\biburlucskip=\muskip21
\biburllcskip=\muskip22
\c@smartand=\count537
)
Package biblatex Info: Trying to load bibliography style 'alphabetic'...
Package biblatex Info: ... file 'alphabetic.bbx' found.

(C:/Users/admin/AppData/Local/Programs/MiKTeX/tex/latex/biblatex/bbx/alphabetic
.bbx
File: alphabetic.bbx 2025/07/10 v3.21 biblatex bibliography style (PK/MW)
Package biblatex Info: Trying to load bibliography style 'standard'...
Package biblatex Info: ... file 'standard.bbx' found.

(C:/Users/admin/AppData/Local/Programs/MiKTeX/tex/latex/biblatex/bbx/standard.b
bx
File: standard.bbx 2025/07/10 v3.21 biblatex bibliography style (PK/MW)
\c@bbx:relatedcount=\count538
\c@bbx:relatedtotal=\count539
))
Package biblatex Info: Trying to load citation style 'numeric'...
Package biblatex Info: ... file 'numeric.cbx' found.

(C:/Users/admin/AppData/Local/Programs/MiKTeX/tex/latex/biblatex/cbx/numeric.cb
x
File: numeric.cbx 2025/07/10 v3.21 biblatex citation style (PK/MW)
Package biblatex Info: Redefining '\cite'.
Package biblatex Info: Redefining '\parencite'.
Package biblatex Info: Redefining '\footcite'.
Package biblatex Info: Redefining '\footcitetext'.
Package biblatex Info: Redefining '\smartcite'.
Package biblatex Info: Redefining '\supercite'.
Package biblatex Info: Redefining '\textcite'.
Package biblatex Info: Redefining '\textcites'.
Package biblatex Info: Redefining '\cites'.
Package biblatex Info: Redefining '\parencites'.
Package biblatex Info: Redefining '\smartcites'.
)
Package biblatex Info: Trying to load configuration file...
Package biblatex Info: ... file 'biblatex.cfg' found.

(C:/Users/admin/AppData/Local/Programs/MiKTeX/tex/latex/biblatex/biblatex.cfg
File: biblatex.cfg 
)
Package biblatex Info: LuaTeX detected.
(biblatex)             Assuming input encoding 'utf8'.
Package biblatex Info: Document encoding is UTF8 ....
Package biblatex Info: ... and expl3
(biblatex)             2026-01-19 L3 programming layer (loader) 
(biblatex)             is new enough (at least 2020/04/06),
(biblatex)             setting 'casechanger=expl3'.

(C:/Users/admin/AppData/Local/Programs/MiKTeX/tex/latex/biblatex/blx-case-expl3
.sty
Package: blx-case-expl3 2025/07/10 v3.21 expl3 case changing code for biblatex
)) (C:/Users/admin/AppData/Local/Programs/MiKTeX/tex/latex/base/makeidx.sty
Package: makeidx 2021/10/04 v1.0m Standard LaTeX package
)
\@indexfile=\write5

\openout5 = light.idx

Writing index file light.idx
)) (./main.tex
Package csquotes Info: Checking for multilingual support...
Package csquotes Info: ... found 'babel' package.
Package csquotes Info: Adjusting default style.
Package csquotes Info: Redefining alias 'default' -> 'english'.
 (./light.aux

LaTeX Warning: Label `eq:ang-mom' multiply defined.


LaTeX Warning: Label `eq:thermal-wind' multiply defined.


LaTeX Warning: Label `eq:thermal-wind' multiply defined.

)
\openout1 = light.aux

LaTeX Font Info:    Checking defaults for OML/cmm/m/it on input line 7.
LaTeX Font Info:    ... okay on input line 7.
LaTeX Font Info:    Checking defaults for OMS/cmsy/m/n on input line 7.
LaTeX Font Info:    ... okay on input line 7.
LaTeX Font Info:    Checking defaults for OT1/cmr/m/n on input line 7.
LaTeX Font Info:    ... okay on input line 7.
LaTeX Font Info:    Checking defaults for T1/cmr/m/n on input line 7.
LaTeX Font Info:    ... okay on input line 7.
LaTeX Font Info:    Checking defaults for TS1/cmr/m/n on input line 7.
LaTeX Font Info:    ... okay on input line 7.
LaTeX Font Info:    Checking defaults for TU/lmr/m/n on input line 7.
LaTeX Font Info:    ... okay on input line 7.
LaTeX Font Info:    Checking defaults for OMX/cmex/m/n on input line 7.
LaTeX Font Info:    ... okay on input line 7.
LaTeX Font Info:    Checking defaults for U/cmr/m/n on input line 7.
LaTeX Font Info:    ... okay on input line 7.
LaTeX Font Info:    Checking defaults for PD1/pdf/m/n on input line 7.
LaTeX Font Info:    ... okay on input line 7.
LaTeX Font Info:    Checking defaults for PU/pdf/m/n on input line 7.
LaTeX Font Info:    ... okay on input line 7.

Package fontspec Info: 
(fontspec)             Adjusting the maths setup (use [no-math] to avoid
(fontspec)             this).

\symlegacymaths=\mathgroup6
LaTeX Font Info:    Overwriting symbol font `legacymaths' in version `bold'
(Font)                  OT1/cmr/m/n --> OT1/cmr/bx/n on input line 7.
LaTeX Font Info:    Redeclaring math accent \acute on input line 7.
LaTeX Font Info:    Redeclaring math accent \grave on input line 7.
LaTeX Font Info:    Redeclaring math accent \ddot on input line 7.
LaTeX Font Info:    Redeclaring math accent \tilde on input line 7.
LaTeX Font Info:    Redeclaring math accent \bar on input line 7.
LaTeX Font Info:    Redeclaring math accent \breve on input line 7.
LaTeX Font Info:    Redeclaring math accent \check on input line 7.
LaTeX Font Info:    Redeclaring math accent \hat on input line 7.
LaTeX Font Info:    Redeclaring math accent \dot on input line 7.
LaTeX Font Info:    Redeclaring math accent \mathring on input line 7.
LaTeX Font Info:    Redeclaring math symbol \Gamma on input line 7.
LaTeX Font Info:    Redeclaring math symbol \Delta on input line 7.
LaTeX Font Info:    Redeclaring math symbol \Theta on input line 7.
LaTeX Font Info:    Redeclaring math symbol \Lambda on input line 7.
LaTeX Font Info:    Redeclaring math symbol \Xi on input line 7.
LaTeX Font Info:    Redeclaring math symbol \Pi on input line 7.
LaTeX Font Info:    Redeclaring math symbol \Sigma on input line 7.
LaTeX Font Info:    Redeclaring math symbol \Upsilon on input line 7.
LaTeX Font Info:    Redeclaring math symbol \Phi on input line 7.
LaTeX Font Info:    Redeclaring math symbol \Psi on input line 7.
LaTeX Font Info:    Redeclaring math symbol \Omega on input line 7.
LaTeX Font Info:    Redeclaring math symbol \mathdollar on input line 7.
LaTeX Font Info:    Redeclaring symbol font `operators' on input line 7.
LaTeX Font Info:    Encoding `OT1' has changed to `TU' for symbol font
(Font)              `operators' in the math version `normal' on input line 7.
LaTeX Font Info:    Overwriting symbol font `operators' in version `normal'
(Font)                  OT1/cmr/m/n --> TU/lmr/m/n on input line 7.
LaTeX Font Info:    Encoding `OT1' has changed to `TU' for symbol font
(Font)              `operators' in the math version `bold' on input line 7.
LaTeX Font Info:    Overwriting symbol font `operators' in version `bold'
(Font)                  OT1/cmr/bx/n --> TU/lmr/m/n on input line 7.
LaTeX Font Info:    Overwriting symbol font `operators' in version `normal'
(Font)                  TU/lmr/m/n --> TU/lmr/m/n on input line 7.
LaTeX Font Info:    Overwriting math alphabet `\mathit' in version `normal'
(Font)                  OT1/cmr/m/it --> TU/lmr/m/it on input line 7.
LaTeX Font Info:    Overwriting math alphabet `\mathbf' in version `normal'
(Font)                  OT1/cmr/bx/n --> TU/lmr/b/n on input line 7.
LaTeX Font Info:    Overwriting math alphabet `\mathsf' in version `normal'
(Font)                  OT1/cmss/m/n --> TU/lmss/m/n on input line 7.
LaTeX Font Info:    Overwriting math alphabet `\mathtt' in version `normal'
(Font)                  OT1/cmtt/m/n --> TU/lmtt/m/n on input line 7.
LaTeX Font Info:    Overwriting symbol font `operators' in version `bold'
(Font)                  TU/lmr/m/n --> TU/lmr/b/n on input line 7.
LaTeX Font Info:    Overwriting math alphabet `\mathit' in version `bold'
(Font)                  OT1/cmr/bx/it --> TU/lmr/b/it on input line 7.
LaTeX Font Info:    Overwriting math alphabet `\mathsf' in version `bold'
(Font)                  OT1/cmss/bx/n --> TU/lmss/b/n on input line 7.
LaTeX Font Info:    Overwriting math alphabet `\mathtt' in version `bold'
(Font)                  OT1/cmtt/m/n --> TU/lmtt/b/n on input line 7.

Package fontspec Info: 
(fontspec)             Could not resolve font "UnDotum/BI" (it probably
(fontspec)             doesn't exist).


Package fontspec Info: 
(fontspec)             Could not resolve font "UnDotum/I" (it probably doesn't
(fontspec)             exist).


Package fontspec Info: 
(fontspec)             Font family 'UnDotum(0)' created for font 'UnDotum'
(fontspec)             with options [Ligatures=TeX].
(fontspec)              
(fontspec)              This font family consists of the following NFSS
(fontspec)             series/shapes:
(fontspec)              
(fontspec)             - 'normal' (m/n) with NFSS spec.:
(fontspec)             <->"name:UnDotum:mode=node;language=dflt;+tlig;"
(fontspec)             - 'bold' (b/n) with NFSS spec.:
(fontspec)             <->"name:UnDotum/B:mode=node;language=dflt;+tlig;"


Package fontspec Info: 
(fontspec)             Could not resolve font "UnDotum/BI" (it probably
(fontspec)             doesn't exist).


Package fontspec Info: 
(fontspec)             Could not resolve font "UnDotum/I" (it probably doesn't
(fontspec)             exist).


Package fontspec Info: 
(fontspec)             Font family 'UnDotum(1)' created for font 'UnDotum'
(fontspec)             with options [UprightFeatures={SizeFeatures={
(fontspec)             {Size={-8.5}, FakeStretch=1.062}, {Size={8.5-11},
(fontspec)             FakeStretch=1.05 }, {Size={11-}, FakeStretch=1.03
(fontspec)             }}},BoldFeatures={SizeFeatures={ {Size={-},
(fontspec)             FakeStretch=1.05}}},WordSpace={1.66667,0,0}].
(fontspec)              
(fontspec)              This font family consists of the following NFSS
(fontspec)             series/shapes:
(fontspec)              
(fontspec)             - 'normal' (m/n) with NFSS spec.:
(fontspec)             <-8.5>"name:UnDotum:mode=node;language=dflt;extend=1.062
;"<8.5-11>"name:UnDotum:mode=node;language=dflt;extend=1.05;"<11->"name:UnDotum
:mode=node;language=dflt;extend=1.03;"
(fontspec)             - 'bold' (b/n) with NFSS spec.:
(fontspec)             <->"name:UnDotum/B:mode=node;language=dflt;extend=1.05;"



(C:/Users/admin/AppData/Local/Programs/MiKTeX/tex/context/base/mkii/supp-pdf.mk
ii
[Loading MPS to PDF converter (version 2006.09.02).]
\scratchcounter=\count540
\scratchdimen=\dimen354
\scratchbox=\box158
\nofMPsegments=\count541
\nofMParguments=\count542
\everyMPshowfont=\toks66
\MPscratchCnt=\count543
\MPscratchDim=\dimen355
\MPnumerator=\count544
\makeMPintoPDFobject=\count545
\everyMPtoPDFconversion=\toks67
)
(C:/Users/admin/AppData/Local/Programs/MiKTeX/tex/latex/epstopdf-pkg/epstopdf-b
ase.sty
Package: epstopdf-base 2020-01-24 v2.11 Base part for package epstopdf
Package epstopdf-base Info: Redefining graphics rule for `.eps' on input line 4
85.

(C:/Users/admin/AppData/Local/Programs/MiKTeX/tex/latex/00miktex/epstopdf-sys.c
fg
File: epstopdf-sys.cfg 2021/03/18 v2.0 Configuration of epstopdf for MiKTeX
))
LaTeX Info: Redefining \microtypecontext on input line 7.
Package microtype Info: Applying patch `item' on input line 7.
Package microtype Info: Applying patch `toc' on input line 7.
Package microtype Info: Applying patch `eqnum' on input line 7.
Package microtype Info: Applying patch `footnote' on input line 7.
Package microtype Info: Applying patch `verbatim' on input line 7.
LaTeX Info: Redefining \microtypesetup on input line 7.
Package microtype Info: Generating PDF output.
Package microtype Info: No character protrusion.
Package microtype Info: No font expansion.
Package microtype Info: No adjustment of tracking.
Package microtype Info: No adjustment of spacing.
Package microtype Info: No adjustment of kerning.

(C:/Users/admin/AppData/Local/Programs/MiKTeX/tex/latex/microtype/mt-LatinModer
nRoman.cfg
File: mt-LatinModernRoman.cfg 2026/02/26 v1.2 microtype config. file: Latin Mod
ern Roman (RS)
)
Package hyperref Info: Link coloring OFF on input line 7.
\c@lstlisting=\count546
Package caption Info: Begin \AtBeginDocument code.
Package caption Info: End \AtBeginDocument code.

*geometry* driver: auto-detecting
*geometry* detected driver: luatex
*geometry* verbose mode - [ preamble ] result:
* driver: luatex
* paper: a4paper
* layout: <same size as paper>
* layoutoffset:(h,v)=(0.0pt,0.0pt)
* modes: 
* h-part:(L,W,R)=(56.9055pt, 483.69687pt, 56.9055pt)
* v-part:(T,H,B)=(56.9055pt, 731.23584pt, 56.9055pt)
* \paperwidth=597.50787pt
* \paperheight=845.04684pt
* \textwidth=483.69687pt
* \textheight=731.23584pt
* \oddsidemargin=-15.36449pt
* \evensidemargin=-15.36449pt
* \topmargin=-37.36449pt
* \headheight=12.0pt
* \headsep=10.0pt
* \topskip=11.0pt
* \footskip=27.46295pt
* \marginparwidth=62.0pt
* \marginparsep=7.0pt
* \columnsep=10.0pt
* \skip\footins=10.0pt plus 4.0pt minus 2.0pt
* \hoffset=0.0pt
* \voffset=0.0pt
* \mag=1000
* \@twocolumnfalse
* \@twosidefalse
* \@mparswitchfalse
* \@reversemarginfalse
* (1in=72.27pt=25.4mm, 1cm=28.453pt)

Package biblatex Info: Trying to load language 'english'...
Package biblatex Info: ... file 'english.lbx' found.

(C:/Users/admin/AppData/Local/Programs/MiKTeX/tex/latex/biblatex/lbx/english.lb
x
File: english.lbx 2025/07/10 v3.21 biblatex localization (PK/MW)
)
Package biblatex Info: LuaTeX detected.
(biblatex)             Assuming input encoding 'utf8'.
Package biblatex Info: Automatic encoding selection.
(biblatex)             Assuming data encoding 'utf8'.

\openout4 = light.bcf
Package biblatex Info: Trying to load bibliographic data...
Package biblatex Info: ... file 'light.bbl' not found.

No file light.bbl.
Package biblatex Info: Reference section=0 on input line 7.
Package biblatex Info: Reference segment=0 on input line 7.
*geometry* verbose mode - [ newgeometry ] result:
* driver: luatex
* paper: a4paper
* layout: <same size as paper>
* layoutoffset:(h,v)=(0.0pt,0.0pt)
* modes: 
* h-part:(L,W,R)=(0.0pt, 597.50787pt, 0.0pt)
* v-part:(T,H,B)=(0.0pt, 845.04684pt, 0.0pt)
* \paperwidth=597.50787pt
* \paperheight=845.04684pt
* \textwidth=597.50787pt
* \textheight=845.04684pt
* \oddsidemargin=-72.26999pt
* \evensidemargin=-72.26999pt
* \topmargin=-94.26999pt
* \headheight=12.0pt
* \headsep=10.0pt
* \topskip=11.0pt
* \footskip=27.46295pt
* \marginparwidth=62.0pt
* \marginparsep=7.0pt
* \columnsep=10.0pt
* \skip\footins=10.0pt plus 4.0pt minus 2.0pt
* \hoffset=0.0pt
* \voffset=0.0pt
* \mag=1000
* \@twocolumnfalse
* \@twosidefalse
* \@mparswitchfalse
* \@reversemarginfalse
* (1in=72.27pt=25.4mm, 1cm=28.453pt)

\pgf@layerbox@bg=\box159
\pgf@layerboxsaved@bg=\box160
\pgf@layerbox@fg=\box161
\pgf@layerboxsaved@fg=\box162
LaTeX Font Info:    Font shape `TU/Inconsolata-LGC(0)/m/n' will be
(Font)              scaled to size 10.36302pt on input line 10.
LaTeX Font Info:    Font shape `TU/Inconsolata-LGC(0)/m/n' will be
(Font)              scaled to size 23.54633pt on input line 10.
LaTeX Font Info:    Font shape `TU/Inconsolata-LGC(0)/b/n' will be
(Font)              scaled to size 23.54633pt on input line 10.
LaTeX Font Info:    Font shape `TU/Inconsolata-LGC(0)/m/n' will be
(Font)              scaled to size 13.62808pt on input line 10.
LaTeX Font Info:    Font shape `TU/NotoSansCJKKR(0)/m/n' will be
(Font)              scaled to size 13.41759pt on input line 10.
[1


{C:/Users/admin/AppData/Local/MiKTeX/fonts/map/pdftex/pdftex.map}]
*geometry* verbose mode - [ newgeometry ] result:
* driver: luatex
* paper: a4paper
* layout: <same size as paper>
* layoutoffset:(h,v)=(0.0pt,0.0pt)
* modes: 
* h-part:(L,W,R)=(0.0pt, 507.88078pt, 89.62709pt)
* v-part:(T,H,B)=(101.40665pt, 591.5302pt, 152.11pt)
* \paperwidth=597.50787pt
* \paperheight=845.04684pt
* \textwidth=507.88078pt
* \textheight=591.5302pt
* \oddsidemargin=-72.26999pt
* \evensidemargin=-72.26999pt
* \topmargin=7.13666pt
* \headheight=12.0pt
* \headsep=10.0pt
* \topskip=11.0pt
* \footskip=27.46295pt
* \marginparwidth=62.0pt
* \marginparsep=7.0pt
* \columnsep=10.0pt
* \skip\footins=10.0pt plus 4.0pt minus 2.0pt
* \hoffset=0.0pt
* \voffset=0.0pt
* \mag=1000
* \@twocolumnfalse
* \@twosidefalse
* \@mparswitchfalse
* \@reversemarginfalse
* (1in=72.27pt=25.4mm, 1cm=28.453pt)


(./light.toc
LaTeX Font Info:    Font shape `TU/NotoSerifCJKKR(0)/bx/n' in size <10.95> not 
available
(Font)              Font shape `TU/NotoSerifCJKKR(0)/b/n' tried instead on inpu
t line 2.
LaTeX Font Info:    Font shape `TU/UnDotum(0)/bx/n' in size <10.95> not availab
le
(Font)              Font shape `TU/UnDotum(0)/b/n' tried instead on input line 
2.
LaTeX Font Info:    Trying to load font information for U+msa on input line 108
.

(C:/Users/admin/AppData/Local/Programs/MiKTeX/tex/latex/amsfonts/umsa.fd
File: umsa.fd 2013/01/14 v3.01 AMS symbols A
)
(C:/Users/admin/AppData/Local/Programs/MiKTeX/tex/latex/microtype/mt-msa.cfg
File: mt-msa.cfg 2006/02/04 v1.1 microtype config. file: AMS symbols (a) (RS)
)
LaTeX Font Info:    Trying to load font information for U+msb on input line 108
.

(C:/Users/admin/AppData/Local/Programs/MiKTeX/tex/latex/amsfonts/umsb.fd
File: umsb.fd 2013/01/14 v3.01 AMS symbols B
)
(C:/Users/admin/AppData/Local/Programs/MiKTeX/tex/latex/microtype/mt-msb.cfg
File: mt-msb.cfg 2005/06/01 v1.0 microtype config. file: AMS symbols (b) (RS)
)
(C:/Users/admin/AppData/Local/Programs/MiKTeX/tex/latex/microtype/mt-cmr.cfg
File: mt-cmr.cfg 2013/05/19 v2.2 microtype config. file: Computer Modern Roman 
(RS)
))
\tf@toc=\write6

\openout6 = light.toc

[2


]
LaTeX Font Info:    Font shape `TU/Inconsolata-LGC(0)/m/n' will be
(Font)              scaled to size 45.427pt on input line 18.
 [3



] (./sections/Ch01/history.tex
LaTeX Font Info:    Font shape `TU/Inconsolata-LGC(0)/m/n' will be
(Font)              scaled to size 11.35675pt on input line 3.
LaTeX Font Info:    Font shape `TU/Inconsolata-LGC(0)/b/n' will be
(Font)              scaled to size 11.35675pt on input line 3.
LaTeX Font Info:    Font shape `TU/Inconsolata-LGC(0)/b/n' will be
(Font)              scaled to size 15.14233pt on input line 3.
LaTeX Font Info:    Font shape `TU/Inconsolata-LGC(0)/b/n' will be
(Font)              scaled to size 10.36302pt on input line 7.
<images/ch01/p03_img01.jpeg, id=111, 803.0pt x 244.915pt>
File: images/ch01/p03_img01.jpeg Graphic file (type jpg)
<use images/ch01/p03_img01.jpeg>
Package luatex.def Info: images/ch01/p03_img01.jpeg  used on input line 38.
(luatex.def)             Requested size: 411.14528pt x 125.40202pt.
LaTeX Font Info:    Font shape `TU/Inconsolata-LGC(0)/m/n' will be
(Font)              scaled to size 9.46396pt on input line 71.
 [4<./images/ch01/p03_img01.jpeg>]
LaTeX Font Info:    Font shape `TU/Inconsolata-LGC(0)/b/n' will be
(Font)              scaled to size 9.46396pt on input line 73.
<images/ch01/p08_img01.jpeg, id=129, 1967.35pt x 1093.08376pt>
File: images/ch01/p08_img01.jpeg Graphic file (type jpg)
<use images/ch01/p08_img01.jpeg>
Package luatex.def Info: images/ch01/p08_img01.jpeg  used on input line 96.
(luatex.def)             Requested size: 411.14528pt x 228.43686pt.
 [5<./images/ch01/p08_img01.jpeg>]
<images/ch01/p12_img01.jpeg, id=149, 516.93124pt x 516.93124pt>
File: images/ch01/p12_img01.jpeg Graphic file (type jpg)
<use images/ch01/p12_img01.jpeg>
Package luatex.def Info: images/ch01/p12_img01.jpeg  used on input line 149.
(luatex.def)             Requested size: 411.14528pt x 411.16345pt.
 [6<./images/ch01/p12_img01.jpeg>]
<images/ch01/p17_img01.png, id=157, 463.7325pt x 311.66437pt>
File: images/ch01/p17_img01.png Graphic file (type png)
<use images/ch01/p17_img01.png>
Package luatex.def Info: images/ch01/p17_img01.png  used on input line 220.
(luatex.def)             Requested size: 411.14528pt x 276.32466pt.
<images/ch01/p46_img01.jpeg, id=158, 291.051pt x 433.2915pt>
File: images/ch01/p46_img01.jpeg Graphic file (type jpg)
<use images/ch01/p46_img01.jpeg>
Package luatex.def Info: images/ch01/p46_img01.jpeg  used on input line 261.
(luatex.def)             Requested size: 411.14528pt x 612.11133pt.
 [7] [8<./images/ch01/p17_img01.png>] [9]
<images/ch01/p27_img01.jpeg, id=193, 221.7375pt x 235.206pt>
File: images/ch01/p27_img01.jpeg Graphic file (type jpg)
<use images/ch01/p27_img01.jpeg>
Package luatex.def Info: images/ch01/p27_img01.jpeg  used on input line 364.
(luatex.def)             Requested size: 411.14528pt x 436.1543pt.
<images/ch01/p35_img01.jpeg, id=194, 292.365pt x 235.206pt>
File: images/ch01/p35_img01.jpeg Graphic file (type jpg)
<use images/ch01/p35_img01.jpeg>
Package luatex.def Info: images/ch01/p35_img01.jpeg  used on input line 416.
(luatex.def)             Requested size: 411.14528pt x 330.78632pt.
 [10]
<images/ch01/p51_img01.jpeg, id=210, 296.6355pt x 308.4615pt>
File: images/ch01/p51_img01.jpeg Graphic file (type jpg)
<use images/ch01/p51_img01.jpeg>
Package luatex.def Info: images/ch01/p51_img01.jpeg  used on input line 498.
(luatex.def)             Requested size: 411.14528pt x 427.5459pt.
 [11]) [12] [13<./images/ch01/p46_img01.jpeg>]
[14<./images/ch01/p27_img01.jpeg>] [15<./images/ch01/p35_img01.jpeg>] [16<./imag
es/ch01/p51_img01.jpeg>]
Overfull \hbox (62.61586pt too wide) in paragraph at lines 26--26
|[] []\TU/Inconsolata-LGC(0)/m/n/48 DE-COM-PO-SI-TION OF THE
 []

[17

] (./sections/Ch02/decomposition.tex [18] [19] [20] [21] [22] [23]) [24]
Overfull \hbox (62.61586pt too wide) in paragraph at lines 34--34
|[] []\TU/Inconsolata-LGC(0)/m/n/48 OB-SERVED AT-MO-SPHERIC
 []

[25

] (./sections/Ch03/observed.tex
<images/ch03/p03_img01.png, id=346, 465.23813pt x 602.25pt>
File: images/ch03/p03_img01.png Graphic file (type png)
<use images/ch03/p03_img01.png>
Package luatex.def Info: images/ch03/p03_img01.png  used on input line 32.
(luatex.def)             Requested size: 411.14528pt x 532.24226pt.
File: images/ch03/p03_img01.png Graphic file (type png)
<use images/ch03/p03_img01.png>
Package luatex.def Info: images/ch03/p03_img01.png  used on input line 64.
(luatex.def)             Requested size: 411.14528pt x 532.24226pt.
<images/ch03/p04_img01.png, id=347, 465.23813pt x 602.25pt>
File: images/ch03/p04_img01.png Graphic file (type png)
<use images/ch03/p04_img01.png>
Package luatex.def Info: images/ch03/p04_img01.png  used on input line 93.
(luatex.def)             Requested size: 411.14528pt x 532.24226pt.
<images/ch03/p05_img01.png, id=349, 465.23813pt x 602.25pt>
File: images/ch03/p05_img01.png Graphic file (type png)
<use images/ch03/p05_img01.png>
Package luatex.def Info: images/ch03/p05_img01.png  used on input line 128.
(luatex.def)             Requested size: 411.14528pt x 532.24226pt.
 [26]
Underfull \hbox (badness 10000) in paragraph at lines 148--150

 []


Overfull \hbox (5.20605pt too wide) in paragraph at lines 152--153
[]\TU/lmr/m/n/10.95 SH cir-cum-po-lar trough \TU/NotoSerifCJKKR(0)/m/it/10.95 ($\OMS/cmsy/m/n/10.95 $$\OT1/cmr/m/n/10.95 65[]$\TU/lmr/m/n/10.95 S\TU/NotoSerifCJKKR(0)/m/it/10.95 , $\OMS/cmsy/m/n/10.95 $\TU/lmr/m/n/10.95 984--988hPa\TU/NotoSerifCJKKR(0)/m/it/10.95 ) 
 []

[27<./images/ch03/p03_img01.png>] [28]
<images/ch03/p08_img01.jpeg, id=377, 620.3175pt x 803.0pt>
File: images/ch03/p08_img01.jpeg Graphic file (type jpg)
<use images/ch03/p08_img01.jpeg>
Package luatex.def Info: images/ch03/p08_img01.jpeg  used on input line 188.
(luatex.def)             Requested size: 411.14528pt x 532.2239pt.
 [29<./images/ch03/p04_img01.png>]
<images/ch03/p09_img01.png, id=386, 465.23813pt x 602.25pt>
File: images/ch03/p09_img01.png Graphic file (type png)
<use images/ch03/p09_img01.png>
Package luatex.def Info: images/ch03/p09_img01.png  used on input line 212.
(luatex.def)             Requested size: 411.14528pt x 532.24226pt.

[30<./images/ch03/p05_img01.png>]
<images/ch03/p10_img01.png, id=394, 465.23813pt x 602.25pt>
File: images/ch03/p10_img01.png Graphic file (type png)
<use images/ch03/p10_img01.png>
Package luatex.def Info: images/ch03/p10_img01.png  used on input line 231.
(luatex.def)             Requested size: 411.14528pt x 532.24226pt.
 [31<./images/ch03/p08_img01.jpeg>] [32<./images/ch03/p09_img01.png>]
<images/ch03/p13_img01.jpeg, id=408, 348.867pt x 435.591pt>
File: images/ch03/p13_img01.jpeg Graphic file (type jpg)
<use images/ch03/p13_img01.jpeg>
Package luatex.def Info: images/ch03/p13_img01.jpeg  used on input line 279.
(luatex.def)             Requested size: 411.14528pt x 513.38144pt.
 [33<./images/ch03/p10_img01.png>]
<images/ch03/p14_img01.jpeg, id=415, 342.954pt x 429.678pt>
File: images/ch03/p14_img01.jpeg Graphic file (type jpg)
<use images/ch03/p14_img01.jpeg>
Package luatex.def Info: images/ch03/p14_img01.jpeg  used on input line 313.
(luatex.def)             Requested size: 411.14528pt x 515.13239pt.
 [34<./images/ch03/p13_img01.jpeg>] [35<./images/ch03/p14_img01.jpeg>]
<images/ch03/p17_img01.png, id=430, 465.23813pt x 602.25pt>
File: images/ch03/p17_img01.png Graphic file (type png)
<use images/ch03/p17_img01.png>
Package luatex.def Info: images/ch03/p17_img01.png  used on input line 352.
(luatex.def)             Requested size: 411.14528pt x 532.24226pt.
 [36<./images/ch03/p17_img01.png>]
<images/ch03/p19_img01.png, id=439, 465.23813pt x 602.25pt>
File: images/ch03/p19_img01.png Graphic file (type png)
<use images/ch03/p19_img01.png>
Package luatex.def Info: images/ch03/p19_img01.png  used on input line 395.
(luatex.def)             Requested size: 411.14528pt x 532.24226pt.
<images/ch03/p21_img01.png, id=440, 465.23813pt x 602.25pt>
File: images/ch03/p21_img01.png Graphic file (type png)
<use images/ch03/p21_img01.png>
Package luatex.def Info: images/ch03/p21_img01.png  used on input line 415.
(luatex.def)             Requested size: 411.14528pt x 532.24226pt.
<images/ch03/p22_img01.jpeg, id=441, 620.3175pt x 803.0pt>
File: images/ch03/p22_img01.jpeg Graphic file (type jpg)
<use images/ch03/p22_img01.jpeg>
Package luatex.def Info: images/ch03/p22_img01.jpeg  used on input line 434.
(luatex.def)             Requested size: 411.14528pt x 532.2239pt.
<images/ch03/p23_img01.png, id=443, 465.23813pt x 602.25pt>
File: images/ch03/p23_img01.png Graphic file (type png)
<use images/ch03/p23_img01.png>
Package luatex.def Info: images/ch03/p23_img01.png  used on input line 459.
(luatex.def)             Requested size: 411.14528pt x 532.24226pt.
<images/ch03/p24_img01.png, id=444, 465.23813pt x 602.25pt>
File: images/ch03/p24_img01.png Graphic file (type png)
<use images/ch03/p24_img01.png>
Package luatex.def Info: images/ch03/p24_img01.png  used on input line 483.
(luatex.def)             Requested size: 411.14528pt x 532.24226pt.
 [37]
<images/ch03/p26_img01.jpeg, id=460, 1434.35875pt x 677.53125pt>
File: images/ch03/p26_img01.jpeg Graphic file (type jpg)
<use images/ch03/p26_img01.jpeg>
Package luatex.def Info: images/ch03/p26_img01.jpeg  used on input line 523.
(luatex.def)             Requested size: 411.14528pt x 194.2046pt.
 [38<./images/ch03/p19_img01.png>]
<images/ch03/p27_img01.jpeg, id=467, 467.127pt x 404.055pt>
File: images/ch03/p27_img01.jpeg Graphic file (type jpg)
<use images/ch03/p27_img01.jpeg>
Package luatex.def Info: images/ch03/p27_img01.jpeg  used on input line 545.
(luatex.def)             Requested size: 411.14528pt x 355.63113pt.
 [39<./images/ch03/p21_img01.png>]
<images/ch03/p29_img01.jpeg, id=475, 1443.3925pt x 918.43124pt>
File: images/ch03/p29_img01.jpeg Graphic file (type jpg)
<use images/ch03/p29_img01.jpeg>
Package luatex.def Info: images/ch03/p29_img01.jpeg  used on input line 580.
(luatex.def)             Requested size: 411.14528pt x 261.60147pt.

[40<./images/ch03/p22_img01.jpeg>] [41<./images/ch03/p23_img01.png>]
<images/ch03/p30_img01.jpeg, id=489, 1437.37pt x 912.40875pt>
File: images/ch03/p30_img01.jpeg Graphic file (type jpg)
<use images/ch03/p30_img01.jpeg>
Package luatex.def Info: images/ch03/p30_img01.jpeg  used on input line 616.
(luatex.def)             Requested size: 411.14528pt x 260.9859pt.
 [42<./images/ch03/p24_img01.png>]
Overfull \vbox (1.13588pt too high) has occurred while \output is active []


[43<./images/ch03/p26_img01.jpeg><./images/ch03/p27_img01.jpeg>] [44<./images/ch
03/p29_img01.jpeg><./images/ch03/p30_img01.jpeg>]
<images/ch03/p32_img01.png, id=509, 465.23813pt x 602.25pt>
File: images/ch03/p32_img01.png Graphic file (type png)
<use images/ch03/p32_img01.png>
Package luatex.def Info: images/ch03/p32_img01.png  used on input line 646.
(luatex.def)             Requested size: 411.14528pt x 532.24226pt.
 [45<./images/ch03/p32_img01.png>]
<images/ch03/p33_img01.png, id=517, 465.23813pt x 602.25pt>
File: images/ch03/p33_img01.png Graphic file (type png)
<use images/ch03/p33_img01.png>
Package luatex.def Info: images/ch03/p33_img01.png  used on input line 671.
(luatex.def)             Requested size: 411.14528pt x 532.24226pt.
 [46<./images/ch03/p33_img01.png>]
<images/ch03/p35_img01.jpeg, id=525, 472.0545pt x 289.08pt>
File: images/ch03/p35_img01.jpeg Graphic file (type jpg)
<use images/ch03/p35_img01.jpeg>
Package luatex.def Info: images/ch03/p35_img01.jpeg  used on input line 708.
(luatex.def)             Requested size: 411.14528pt x 251.78868pt.
<images/ch03/p36_img01.jpeg, id=526, 470.0835pt x 296.6355pt>
File: images/ch03/p36_img01.jpeg Graphic file (type jpg)
<use images/ch03/p36_img01.jpeg>
Package luatex.def Info: images/ch03/p36_img01.jpeg  used on input line 736.
(luatex.def)             Requested size: 411.14528pt x 259.45131pt.
 [47<./images/ch03/p35_img01.jpeg>]
<images/ch03/p38_img01.png, id=536, 465.23813pt x 602.25pt>
File: images/ch03/p38_img01.png Graphic file (type png)
<use images/ch03/p38_img01.png>
Package luatex.def Info: images/ch03/p38_img01.png  used on input line 771.
(luatex.def)             Requested size: 411.14528pt x 532.24226pt.
<images/ch03/p40_img01.png, id=537, 465.23813pt x 602.25pt>
File: images/ch03/p40_img01.png Graphic file (type png)
<use images/ch03/p40_img01.png>
Package luatex.def Info: images/ch03/p40_img01.png  used on input line 809.
(luatex.def)             Requested size: 411.14528pt x 532.24226pt.

[48<./images/ch03/p36_img01.jpeg>]) [49<./images/ch03/p38_img01.png>] [50<./imag
es/ch03/p40_img01.png>]
Overfull \hbox (114.57315pt too wide) in paragraph at lines 42--42
\TU/Inconsolata-LGC(0)/m/n/48 ZON-ALLY SYM-MET-RIC CIR-
 []

[51

] (./sections/Ch04/maintenance.tex
<images/ch04/p05_img01.png, id=564, 465.23813pt x 602.25pt>
File: images/ch04/p05_img01.png Graphic file (type png)
<use images/ch04/p05_img01.png>
Package luatex.def Info: images/ch04/p05_img01.png  used on input line 43.
(luatex.def)             Requested size: 411.14528pt x 532.24226pt.
 [52] [53<./images/ch04/p05_img01.png>]
[54]
<images/ch04/p76_img01.jpeg, id=603, 1431.3475pt x 948.54375pt>
File: images/ch04/p76_img01.jpeg Graphic file (type jpg)
<use images/ch04/p76_img01.jpeg>
Package luatex.def Info: images/ch04/p76_img01.jpeg  used on input line 224.
(luatex.def)             Requested size: 411.14528pt x 272.45091pt.
 [55<./images/ch04/p76_img01.jpeg>]
<images/ch04/p14_img01.jpeg, id=616, 1879.02pt x 2288.55pt>
File: images/ch04/p14_img01.jpeg Graphic file (type jpg)
<use images/ch04/p14_img01.jpeg>
Package luatex.def Info: images/ch04/p14_img01.jpeg  used on input line 261.
(luatex.def)             Requested size: 362.77264pt x 441.81311pt.
<images/ch04/p16_img01.png, id=617, 465.23813pt x 602.25pt>
File: images/ch04/p16_img01.png Graphic file (type png)
<use images/ch04/p16_img01.png>
Package luatex.def Info: images/ch04/p16_img01.png  used on input line 275.
(luatex.def)             Requested size: 411.14528pt x 532.24226pt.
 [56<./images/ch04/p14_img01.jpeg>]
[57<./images/ch04/p16_img01.png>]
<images/ch04/p71_img01.jpeg, id=637, 1431.3475pt x 953.5625pt>
File: images/ch04/p71_img01.jpeg Graphic file (type jpg)
<use images/ch04/p71_img01.jpeg>
Package luatex.def Info: images/ch04/p71_img01.jpeg  used on input line 374.
(luatex.def)             Requested size: 411.14528pt x 273.89246pt.
 [58] [59<./images/ch04/p71_img01.jpeg>]
<images/ch04/p27_img01.jpeg, id=663, 1819.79875pt x 2588.67125pt>
File: images/ch04/p27_img01.jpeg Graphic file (type jpg)
<use images/ch04/p27_img01.jpeg>
Package luatex.def Info: images/ch04/p27_img01.jpeg  used on input line 435.
(luatex.def)             Requested size: 362.77264pt x 516.0266pt.

[60<./images/ch04/p27_img01.jpeg>]
<images/ch04/p29_img01.jpeg, id=670, 585.18625pt x 328.22626pt>
File: images/ch04/p29_img01.jpeg Graphic file (type jpg)
<use images/ch04/p29_img01.jpeg>
Package luatex.def Info: images/ch04/p29_img01.jpeg  used on input line 468.
(luatex.def)             Requested size: 411.14528pt x 230.61824pt.
<images/ch04/p31_img01.png, id=671, 478.03593pt x 197.23688pt>
File: images/ch04/p31_img01.png Graphic file (type png)
<use images/ch04/p31_img01.png>
Package luatex.def Info: images/ch04/p31_img01.png  used on input line 475.
(luatex.def)             Requested size: 411.14528pt x 169.63844pt.
 [61<./images/ch04/p29_img01.jpeg>]
<images/ch04/p39_img01.jpeg, id=680, 2100.84875pt x 1458.44875pt>
File: images/ch04/p39_img01.jpeg Graphic file (type jpg)
<use images/ch04/p39_img01.jpeg>
Package luatex.def Info: images/ch04/p39_img01.jpeg  used on input line 525.
(luatex.def)             Requested size: 338.58632pt x 235.04788pt.
 [62<./images/ch04/p31_img01.png>]
LaTeX Font Info:    Font shape `TU/Inconsolata-LGC(0)/m/n' will be
(Font)              scaled to size 19.62825pt on input line 579.

Overfull \hbox (230.48975pt too wide) in paragraph at lines 584--584
| [][][][][][] 
 []

[63<./images/ch04/p39_img01.jpeg>]
Overfull \hbox (265.74011pt too wide) in paragraph at lines 619--619
| [][][][][][] 
 []

[64] [65] [66]
<images/ch04/p90_img01.png, id=755, 1255.69125pt x 1477.01813pt>
File: images/ch04/p90_img01.png Graphic file (type png)
<use images/ch04/p90_img01.png>
Package luatex.def Info: images/ch04/p90_img01.png  used on input line 870.
(luatex.def)             Requested size: 232.17242pt x 273.08632pt.
<images/ch04/p90_img02.png, id=756, 1255.69125pt x 1564.34438pt>
File: images/ch04/p90_img02.png Graphic file (type png)
<use images/ch04/p90_img02.png>
Package luatex.def Info: images/ch04/p90_img02.png  used on input line 871.
(luatex.def)             Requested size: 232.17242pt x 289.23209pt.
 [67<./images/ch04/p90_img01.png><./images/ch04/p90_img02.png>]
[68]
<images/ch04/p103_img01.jpeg, id=785, 694.595pt x 529.98pt>
File: images/ch04/p103_img01.jpeg Graphic file (type jpg)
<use images/ch04/p103_img01.jpeg>
Package luatex.def Info: images/ch04/p103_img01.jpeg  used on input line 1035.
(luatex.def)             Requested size: 411.14528pt x 313.71251pt.
 [69]
<images/ch04/p105_img01.jpeg, id=800, 695.59875pt x 506.89375pt>
File: images/ch04/p105_img01.jpeg Graphic file (type jpg)
<use images/ch04/p105_img01.jpeg>
Package luatex.def Info: images/ch04/p105_img01.jpeg  used on input line 1073.
(luatex.def)             Requested size: 411.14528pt x 299.60614pt.
<images/ch04/p104_img01.jpeg, id=801, 1086.0575pt x 506.89375pt>
File: images/ch04/p104_img01.jpeg Graphic file (type jpg)
<use images/ch04/p104_img01.jpeg>
Package luatex.def Info: images/ch04/p104_img01.jpeg  used on input line 1080.
(luatex.def)             Requested size: 411.14528pt x 191.89458pt.
 [70<./images/ch04/p103_img01.jpeg>]
LaTeX Font Info:    Font shape `TU/NotoSerifCJKKR(0)/bx/n' in size <9> not avai
lable
(Font)              Font shape `TU/NotoSerifCJKKR(0)/b/n' tried instead on inpu
t line 1134.
) [71<./images/ch04/p105_img01.jpeg>] [72<./images/ch04/p104_img01.jpeg>]
Overfull \hbox (144.19814pt too wide) in paragraph at lines 50--50
|[] []\TU/Inconsolata-LGC(0)/m/n/48 QUASI-GEOSTROPHIC ANAL-
 []

[73

] (./sections/Ch05/qg_analysis.tex
<images/ch05/p05_img01.jpeg, id=836, 713.66624pt x 903.375pt>
File: images/ch05/p05_img01.jpeg Graphic file (type jpg)
<use images/ch05/p05_img01.jpeg>
Package luatex.def Info: images/ch05/p05_img01.jpeg  used on input line 20.
(luatex.def)             Requested size: 411.14528pt x 520.44286pt.
 [74<./images/ch05/p05_img01.jpeg>]
<images/ch05/p10_img01.jpeg, id=843, 727.71875pt x 396.48125pt>
File: images/ch05/p10_img01.jpeg Graphic file (type jpg)
<use images/ch05/p10_img01.jpeg>
Package luatex.def Info: images/ch05/p10_img01.jpeg  used on input line 59.
(luatex.def)             Requested size: 411.14528pt x 224.01231pt.
<images/ch05/p07_img01.jpeg, id=844, 620.3175pt x 637.38126pt>
File: images/ch05/p07_img01.jpeg Graphic file (type jpg)
<use images/ch05/p07_img01.jpeg>
Package luatex.def Info: images/ch05/p07_img01.jpeg  used on input line 71.
(luatex.def)             Requested size: 314.40001pt x 323.04694pt.
<images/ch05/p15_img01.jpeg, id=845, 720.6925pt x 566.115pt>
File: images/ch05/p15_img01.jpeg Graphic file (type jpg)
<use images/ch05/p15_img01.jpeg>
Package luatex.def Info: images/ch05/p15_img01.jpeg  used on input line 107.
(luatex.def)             Requested size: 411.14528pt x 322.95668pt.

[75<./images/ch05/p10_img01.jpeg>]
<images/ch05/p17_img01.jpeg, id=855, 707.64375pt x 340.27126pt>
File: images/ch05/p17_img01.jpeg Graphic file (type jpg)
<use images/ch05/p17_img01.jpeg>
Package luatex.def Info: images/ch05/p17_img01.jpeg  used on input line 141.
(luatex.def)             Requested size: 411.14528pt x 197.70013pt.
<images/ch05/p13_img01.jpeg, id=856, 774.895pt x 786.94pt>
File: images/ch05/p13_img01.jpeg Graphic file (type jpg)
<use images/ch05/p13_img01.jpeg>
Package luatex.def Info: images/ch05/p13_img01.jpeg  used on input line 155.
(luatex.def)             Requested size: 217.66211pt x 221.03815pt.
<images/ch05/p13_img02.jpeg, id=857, 474.77374pt x 803.0pt>
File: images/ch05/p13_img02.jpeg Graphic file (type jpg)
<use images/ch05/p13_img02.jpeg>
Package luatex.def Info: images/ch05/p13_img02.jpeg  used on input line 156.
(luatex.def)             Requested size: 217.66211pt x 368.1347pt.


Package hyperref Warning: Token not allowed in a PDF string (Unicode):
(hyperref)                removing `math shift' on input line 170.


Package hyperref Warning: Token not allowed in a PDF string (Unicode):
(hyperref)                removing `math shift' on input line 170.

[76<./images/ch05/p07_img01.jpeg>] [77<./images/ch05/p15_img01.jpeg>] [78<./imag
es/ch05/p17_img01.jpeg>] [79<./images/ch05/p13_img01.jpeg><./images/ch05/p13_img
02.jpeg>]
<images/ch05/p30_img01.png, id=907, 274.02374pt x 189.70876pt>
File: images/ch05/p30_img01.png Graphic file (type png)
<use images/ch05/p30_img01.png>
Package luatex.def Info: images/ch05/p30_img01.png  used on input line 378.
(luatex.def)             Requested size: 217.66211pt x 150.69037pt.
<images/ch05/p29_img01.png, id=908, 344.78813pt x 345.54094pt>
File: images/ch05/p29_img01.png Graphic file (type png)
<use images/ch05/p29_img01.png>
Package luatex.def Info: images/ch05/p29_img01.png  used on input line 379.
(luatex.def)             Requested size: 193.47578pt x 193.89703pt.
 [80] [81<./images/ch05/p30_img01.png><./images/ch05/p29_img01.png>] [82] [83] 
[84] [85] [86]
<images/ch05/p58_img01.png, id=1020, 324.46219pt x 456.20438pt>
File: images/ch05/p58_img01.png Graphic file (type png)
<use images/ch05/p58_img01.png>
Package luatex.def Info: images/ch05/p58_img01.png  used on input line 854.
(luatex.def)             Requested size: 411.14528pt x 578.1201pt.
<images/ch05/p111_img01.jpeg, id=1021, 1303.87125pt x 713.66624pt>
File: images/ch05/p111_img01.jpeg Graphic file (type jpg)
<use images/ch05/p111_img01.jpeg>
Package luatex.def Info: images/ch05/p111_img01.jpeg  used on input line 871.
(luatex.def)             Requested size: 411.14528pt x 225.03473pt.
 [87] [88]
<images/ch05/p79_img01.png, id=1049, 1068.24094pt x 639.89063pt>
File: images/ch05/p79_img01.png Graphic file (type png)
<use images/ch05/p79_img01.png>
Package luatex.def Info: images/ch05/p79_img01.png  used on input line 1107.
(luatex.def)             Requested size: 411.14528pt x 246.28542pt.
<images/ch05/p84_img01.png, id=1050, 1068.24094pt x 749.80125pt>
File: images/ch05/p84_img01.png Graphic file (type png)
<use images/ch05/p84_img01.png>
Package luatex.def Info: images/ch05/p84_img01.png  used on input line 1121.
(luatex.def)             Requested size: 411.14528pt x 288.58856pt.
 [89]
<images/ch05/p110_img01.jpeg, id=1064, 1268.74pt x 663.47874pt>
File: images/ch05/p110_img01.jpeg Graphic file (type jpg)
<use images/ch05/p110_img01.jpeg>
Package luatex.def Info: images/ch05/p110_img01.jpeg  used on input line 1204.
(luatex.def)             Requested size: 411.14528pt x 215.00035pt.
 [90]
<images/ch05/p125_img01.jpeg, id=1081, 1745.52126pt x 870.25125pt>
File: images/ch05/p125_img01.jpeg Graphic file (type jpg)
<use images/ch05/p125_img01.jpeg>
Package luatex.def Info: images/ch05/p125_img01.jpeg  used on input line 1324.
(luatex.def)             Requested size: 411.14528pt x 204.97383pt.
<images/ch05/p129_img01.jpeg, id=1082, 1961.3275pt x 1040.88875pt>
File: images/ch05/p129_img01.jpeg Graphic file (type jpg)
<use images/ch05/p129_img01.jpeg>
Package luatex.def Info: images/ch05/p129_img01.jpeg  used on input line 1338.
(luatex.def)             Requested size: 411.14528pt x 218.19601pt.
<images/ch05/p116_img01.png, id=1085, 885.3075pt x 467.49657pt>
File: images/ch05/p116_img01.png Graphic file (type png)
<use images/ch05/p116_img01.png>
Package luatex.def Info: images/ch05/p116_img01.png  used on input line 1415.
(luatex.def)             Requested size: 411.14528pt x 217.11258pt.
 [91]) [92] [93<./images/ch05/p58_img01.png>] [94<./images/ch05/p111_img01.jpeg>
<./images/ch05/p79_img01.png>]
[95<./images/ch05/p84_img01.png><./images/ch05/p110_img01.jpeg>] [96<./images/ch
05/p125_img01.jpeg><./images/ch05/p129_img01.jpeg>] [97<./images/ch05/p116_img01
.png>] (./light.aux)
 ***********
LaTeX2e <2025-11-01>
L3 programming layer <2026-01-19>
 ***********


LaTeX Warning: There were multiply-defined labels.

Package logreq Info: Writing requests to 'light.run.xml'.

\openout1 = light.run.xml
))

Here is how much of LuaTeX's memory you used:
 52574 strings out of 476076
 244324,2373549 words of node,token memory allocated
 5587 words of node memory still in use:
   33 hlist, 2 vlist, 14 rule, 1 local_par, 5 glue, 4 kern, 2 penalty, 3 glyph, 
1650 attribute, 77 glue_spec, 550 attribute_list, 3 write, 24 pdf_literal, 5 pdf
_action, 24 pdf_colorstack nodes
   avail lists: 1:12,2:33944,3:7253,4:1585,5:730,6:127,7:11615,8:85,9:1935,10:43
,11:681
 72833 multiletter control sequences out of 65536+600000
 158 fonts using 268615015 bytes
 131i,16n,123p,1217b,2042s stack positions out of 10000i,1000n,20000p,200000b,200000s
<c:/users/admin/appdata/local/programs/miktex/fonts/opentype/public/lm/lmroman6-
regular.otf><c:/users/admin/appdata/local/programs/miktex/fonts/opentype/public/
lm/lmroman9-bold.otf><c:/users/admin/appdata/local/programs/miktex/fonts/opentyp
e/public/lm/lmromandemi10-regular.otf><c:/users/admin/appdata/local/programs/mik
tex/fonts/opentype/public/lm/lmroman8-regular.otf><c:/users/admin/appdata/local/
programs/miktex/fonts/opentype/public/lm/lmroman9-italic.otf><c:/users/admin/app
data/local/programs/miktex/fonts/opentype/public/lm/lmroman9-regular.otf><c:/use
rs/admin/appdata/local/programs/miktex/fonts/opentype/public/lm/lmroman10-italic
.otf><c:/users/admin/appdata/local/programs/miktex/fonts/opentype/public/lm/lmro
man10-bold.otf><C:/Users/admin/AppData/Local/Microsoft/Windows/Fonts/notoserifcj
k-wght-400-900.ttf.ttc><c:/users/admin/appdata/local/programs/miktex/fonts/opent
ype/public/lm/lmroman10-regular.otf><C:/Users/admin/AppData/Local/Programs/MiKTe
X/fonts/truetype/public/unfonts-core/UnDotum.ttf><c:/users/admin/appdata/local/p
rograms/miktex/fonts/opentype/public/lm/lmsans10-regular.otf><c:/users/admin/app
data/local/programs/miktex/fonts/opentype/public/lm/lmsans10-bold.otf><./templat
e/generic/fonts/inconsolata/Inconsolata-LGC.otf><C:/Users/admin/AppData/Local/Mi
crosoft/Windows/Fonts/notosanscjk-wght-400-900.ttf.ttc><./template/generic/fonts
/inconsolata/Inconsolata-LGC-Bold.otf><C:/Users/admin/AppData/Local/Programs/MiK
TeX/fonts/type1/public/amsfonts/cm/cmex10.pfb><C:/Users/admin/AppData/Local/Prog
rams/MiKTeX/fonts/type1/public/amsfonts/cmextra/cmex9.pfb><C:/Users/admin/AppDat
a/Local/Programs/MiKTeX/fonts/type1/public/amsfonts/cm/cmmi10.pfb><C:/Users/admi
n/AppData/Local/Programs/MiKTeX/fonts/type1/public/amsfonts/cm/cmmi12.pfb><C:/Us
ers/admin/AppData/Local/Programs/MiKTeX/fonts/type1/public/amsfonts/cm/cmmi6.pfb
><C:/Users/admin/AppData/Local/Programs/MiKTeX/fonts/type1/public/amsfonts/cm/cm
mi8.pfb><C:/Users/admin/AppData/Local/Programs/MiKTeX/fonts/type1/public/amsfont
s/cm/cmmi9.pfb><C:/Users/admin/AppData/Local/Programs/MiKTeX/fonts/type1/public/
amsfonts/cm/cmmib10.pfb><C:/Users/admin/AppData/Local/Programs/MiKTeX/fonts/type
1/public/amsfonts/cm/cmr10.pfb><C:/Users/admin/AppData/Local/Programs/MiKTeX/fon
ts/type1/public/amsfonts/cm/cmr17.pfb><C:/Users/admin/AppData/Local/Programs/MiK
TeX/fonts/type1/public/amsfonts/cm/cmr6.pfb><C:/Users/admin/AppData/Local/Progra
ms/MiKTeX/fonts/type1/public/amsfonts/cm/cmr8.pfb><C:/Users/admin/AppData/Local/
Programs/MiKTeX/fonts/type1/public/amsfonts/cm/cmr9.pfb><C:/Users/admin/AppData/
Local/Programs/MiKTeX/fonts/type1/public/amsfonts/cm/cmsy10.pfb><C:/Users/admin/
AppData/Local/Programs/MiKTeX/fonts/type1/public/amsfonts/cm/cmsy6.pfb><C:/Users
/admin/AppData/Local/Programs/MiKTeX/fonts/type1/public/amsfonts/cm/cmsy8.pfb><C
:/Users/admin/AppData/Local/Programs/MiKTeX/fonts/type1/public/amsfonts/cm/cmsy9
.pfb><C:/Users/admin/AppData/Local/Programs/MiKTeX/fonts/type1/public/amsfonts/s
ymbols/msam10.pfb>
Output written on light.pdf (97 pages, 10027626 bytes).

PDF statistics: 1388 PDF objects out of 1440 (max. 8388607)
 605 named destinations out of 1000 (max. 1048576)
 424 words of extra memory for PDF output out of 10000 (max. 100000000)

